0,9,2012,9,12,0,0,0
1,9,2012,9,12,0,0,0
7,9,2012,9,11,0,1,1
13,9,2012,9,7,0,2,2
14,9,2012,9,7,0,1,2
24,9,2012,8,31,0,1,3
26,9,2012,8,30,0,3,3
30,9,2012,8,28,0,4,4
31,8.7,2012,10,4,1,1,1
33,9.6,2012,10,3,0,5,1
35,9.6,2012,10,3,0,5,1
37,9,2012,8,28,0,2,4
38,9,2012,8,28,0,1,4
39,9,2012,8,28,0,6,4
40,8.5,2012,8,27,1,2,5
45,9.2,2012,10,1,0,7,6
50,9.1,2012,9,27,0,2,7
52,9.5,2012,8,27,0,3,1
54,9.5,2012,8,27,0,7,1
57,9,2012,8,24,0,6,7
58,9,2012,8,24,0,2,7
60,9.1,2012,9,27,0,6,7
61,9.1,2012,9,27,0,1,7
68,8.7,2012,10,26,1,8,4
69,8.8,2012,10,26,1,1,6
75,9,2012,8,20,0,1,8
76,9,2012,8,20,0,7,9
77,9,2012,8,17,0,7,10
84,9,2012,8,17,0,9,10
86,9,2012,8,16,0,7,2
87,9,2012,10,12,0,2,11
98,9.3,2012,10,25,0,7,6
108,9,2012,9,20,0,1,7
109,9,2012,9,20,0,6,7
110,9.1,2012,9,20,0,1,3
111,9,2012,9,20,0,2,7
114,9,2012,8,15,0,1,6
135,9.5,2012,10,23,0,8,4
136,9.5,2012,10,23,0,0,4
137,9,2012,10,22,0,3,4
153,8.5,2012,9,17,1,2,7
154,9,2012,9,17,0,1,11
162,9,2012,8,8,0,6,0
163,9,2012,8,8,0,0,0
166,9.2,2012,10,7,0,2,6
167,9.2,2012,10,7,0,1,6
168,9.2,2012,10,7,0,6,6
175,9,2012,10,16,0,7,6
184,9,2012,9,17,0,6,11
185,8.5,2012,9,17,1,6,7
186,9,2012,9,17,0,2,11
187,8.5,2012,9,17,1,1,7
188,9,2012,9,13,0,2,12
189,9,2012,9,13,0,1,12
191,9,2012,9,13,0,6,12
192,9,2012,8,8,0,10,0
193,9,2012,8,7,0,6,13
194,9,2012,8,7,0,2,13
198,9,2012,10,14,0,6,10
200,9.8,2012,11,1,0,2,14
201,9.8,2012,11,1,0,2,14
207,9.4,2012,10,30,0,6,4
213,9,2012,10,30,0,6,15
215,9,2012,10,30,0,2,15
219,9,2012,10,30,0,1,15
226,9.3,2012,11,13,0,1,14
230,9.3,2012,11,13,0,2,14
231,9.3,2012,11,13,0,6,14
245,9,2012,11,3,0,4,16
246,9.5,2012,11,19,0,1,4
247,9.5,2012,11,19,0,3,4
248,9.5,2012,11,19,0,4,4
249,9.5,2012,11,19,0,6,4
250,9,2012,11,3,0,1,16
263,9,2012,11,18,0,6,6
264,9,2012,11,18,0,2,6
275,9,2012,11,18,0,1,6
276,9.5,2012,11,17,0,11,6
280,8.8,2012,11,16,1,11,17
290,9.3,2012,12,12,0,2,4
292,9.1,2012,11,15,0,11,0
294,8.7,2012,11,15,1,11,18
297,9.3,2012,12,12,0,6,4
298,9.3,2012,12,12,0,1,4
299,9.3,2012,12,12,0,7,4
302,9.5,2012,11,30,0,8,17
303,9,2012,11,30,0,1,14
305,9.3,2012,12,12,0,1,4
306,9.3,2012,12,12,0,4,4
310,9.4,2013,1,15,0,6,1
313,8.6,2012,11,23,1,1,2
315,8.5,2012,11,22,1,8,4
326,9.3,2012,12,12,0,6,4
327,9.3,2012,12,12,0,2,4
328,9.3,2012,12,12,0,3,4
329,9.1,2012,12,12,0,7,14
337,8.9,2013,1,14,1,1,6
339,8.5,2013,1,14,1,6,6
343,9.3,2012,11,21,0,0,1
344,9.3,2012,11,21,0,11,14
347,9,2012,11,21,0,1,14
349,9,2012,11,21,0,6,14
355,9,2012,11,26,0,11,6
360,9,2012,12,10,0,6,1
367,9.1,2013,1,14,0,7,6
368,8.9,2013,1,14,1,2,6
373,9.1,2013,1,10,0,7,0
374,9,2012,11,21,0,2,14
376,9,2012,11,20,0,11,14
379,9.2,2012,11,20,0,1,12
380,8.8,2012,11,20,1,1,17
381,9.2,2012,11,20,0,2,12
396,9.2,2012,11,20,0,6,12
398,9.1,2012,11,20,0,11,7
399,9.5,2012,11,19,0,2,4
443,9,1996,11,26,0,12,11
445,8.7,1996,11,26,1,12,13
480,9,1996,11,26,0,12,9
484,9.7,1996,11,15,0,13,11
509,9,1996,11,26,0,12,13
514,9.8,1996,9,25,0,13,0
525,8.1,1997,2,20,1,13,15
537,8.5,1997,1,31,1,12,3
541,9,1997,1,27,0,12,17
570,9,1997,3,26,0,13,6
572,9,1997,3,18,0,12,7
586,8.3,1997,3,3,1,12,13
597,8.7,1996,11,26,1,12,13
599,9,1996,11,26,0,12,11
628,8.8,1997,8,26,1,12,7
629,9.7,1997,8,25,0,13,14
630,9,1997,8,22,0,12,19
643,8,1997,11,11,1,12,6
661,8.6,1998,4,2,1,13,7
673,9.3,1997,11,4,0,12,6
681,8,1997,9,18,1,12,6
701,8.7,1997,10,17,1,12,13
703,8.5,1998,3,27,1,12,13
730,9.5,1997,9,3,0,12,1
752,8,1998,3,11,1,12,0
760,8.5,1998,1,27,1,12,20
763,9.3,1998,1,21,0,12,2
778,9,1997,10,2,0,12,2
789,8.5,1998,1,8,1,12,3
796,9,1997,11,18,0,12,5
816,8,1998,5,7,1,12,21
842,9.6,1998,6,30,0,13,0
860,9.4,1998,11,3,0,1,4
866,9.8,1998,10,21,0,12,2
870,9.5,1998,10,20,0,12,1
893,9,1998,10,27,0,1,7
894,9.1,1998,10,27,0,13,11
904,9.4,1998,9,8,0,1,14
914,9,1998,8,12,0,1,14
917,9,1998,8,12,0,1,9
918,9,1998,8,12,0,1,1
920,8.9,1998,10,27,1,1,9
923,9.5,1998,10,23,0,13,0
930,8.7,1998,10,8,1,1,9
976,9,1998,9,29,0,12,10
984,8.7,1998,8,24,1,12,0
985,8.3,1998,8,24,1,12,6
989,8,1998,8,23,1,12,11
990,8.7,1998,9,18,1,12,11
992,9,1998,9,18,0,12,6
995,9,1998,8,23,0,12,14
996,9.5,1998,8,23,0,12,11
997,9.3,1998,8,23,0,12,13
1001,8.9,1998,11,13,1,1,1
1015,8.7,1998,11,6,1,1,14
1016,9,1998,11,6,0,1,6
1018,9.5,1998,11,5,0,12,6
1021,9.1,1998,11,4,0,13,7
1022,9.1,1998,11,4,0,12,0
1026,8.9,1998,12,11,1,1,6
1033,8.8,1998,12,9,1,13,19
1052,8.7,1998,11,30,1,1,7
1054,9.5,1998,11,25,0,1,14
1057,9,1998,11,25,0,12,22
1058,10,1998,11,25,2,13,2
1060,8.4,1998,11,24,1,12,23
1088,9,1999,1,18,0,1,9
1089,9.4,1999,1,18,0,1,1
1090,8.6,1999,1,18,1,1,11
1092,9.3,1999,1,15,0,1,14
1118,8.5,1999,1,29,1,1,0
1126,8.5,1998,12,22,1,1,11
1163,8.9,1999,2,24,1,1,9
1165,9,1999,2,24,0,12,4
1168,9,1999,2,22,0,1,24
1170,9.5,1999,2,17,0,12,6
1173,9.5,1999,2,12,0,1,9
1180,9,1999,3,29,0,1,9
1183,8.4,1999,3,26,1,1,1
1186,9.1,1999,3,24,0,13,11
1187,8.8,1999,3,24,1,12,11
1204,8.4,1999,4,15,1,1,24
1208,9,1999,4,9,0,1,7
1224,8.5,1999,4,2,1,1,24
1228,9.3,1999,5,7,0,12,13
1230,8.5,1999,5,7,1,12,14
1233,9.4,1999,5,5,0,12,11
1242,8.5,1999,4,27,1,13,13
1251,9.1,1999,6,4,0,1,24
1253,8.8,1999,6,3,1,12,13
1275,8.8,1999,6,29,1,12,10
1286,9.5,1999,6,23,0,12,0
1287,10,1999,6,23,2,14,1
1289,10,1999,6,23,2,14,1
1311,8.8,1999,6,16,1,13,11
1318,9,1999,6,14,0,1,14
1330,8.4,1999,6,11,1,1,11
1349,8.6,1999,7,2,1,1,9
1421,8.9,1999,7,9,1,1,9
1422,9.7,1999,7,8,0,12,15
1434,10,1999,7,21,2,15,0
1447,9,1999,7,19,0,16,6
1457,10,1999,9,20,2,17,13
1459,9.2,1999,9,17,0,1,4
1461,10,1999,9,17,2,15,2
1462,9,1999,8,13,0,1,1
1494,9,1999,9,10,0,12,1
1516,8.5,1999,8,2,1,1,9
1527,8,1999,8,24,1,12,11
1530,9,1999,8,20,0,1,1
1532,8.8,1999,8,19,1,1,11
1543,9.3,1999,8,19,0,12,4
1544,8.6,1999,8,18,1,12,22
1548,8.4,1999,9,2,1,13,7
1550,9.2,1999,9,30,0,12,4
1558,8.7,1999,9,29,1,12,11
1568,8.8,1999,10,7,1,17,13
1575,9.2,1999,9,24,0,1,6
1576,9.1,1999,9,24,0,12,11
1592,10,1999,10,5,2,15,21
1606,8.8,1999,10,8,1,1,9
1607,8.1,1999,10,8,1,13,14
1612,9.1,1999,10,1,0,12,7
1613,8.9,1999,10,8,1,1,15
1614,8.8,1999,10,7,1,12,24
1615,9,1999,10,7,0,12,1
1617,9.5,1999,10,1,0,1,9
1622,8.9,1999,10,1,1,1,6
1628,9,1999,11,12,0,1,9
1634,9.4,1999,11,11,0,12,2
1635,8.2,1999,11,10,1,12,25
1637,9,1999,10,26,0,12,1
1645,8.8,1999,11,8,1,1,7
1646,8.7,1999,11,8,1,1,9
1655,9,1999,11,5,0,15,6
1660,9.1,1999,10,21,0,12,7
1670,9.4,1999,10,19,0,12,7
1673,9,1999,10,18,0,1,24
1678,9.1,1999,11,24,0,13,2
1679,8.9,1999,11,24,1,13,26
1682,9,1999,11,4,0,12,6
1685,9,1999,11,4,0,12,1
1689,9.2,1999,11,18,0,1,0
1692,9,1999,11,24,0,13,0
1693,9,1999,11,24,0,13,0
1702,8.5,1999,11,2,1,12,7
1704,9.1,1999,11,2,0,12,7
1708,8.5,1999,10,29,1,12,15
1710,9.3,1999,11,18,0,12,6
1728,9.2,1999,10,27,0,1,11
1738,8.8,1999,11,16,1,1,6
1747,9,1999,11,15,0,1,9
1759,9.3,1999,12,10,0,1,14
1779,8.7,1999,12,9,1,17,11
1781,9.2,1999,12,8,0,1,7
1785,8.6,1999,11,30,1,1,6
1795,9.6,1999,12,6,0,1,14
1802,9.2,1999,11,24,0,13,7
1805,8.5,1999,12,6,1,17,6
1808,8.8,1999,12,6,1,1,9
1810,9,1999,12,6,0,17,10
1822,9,1999,12,3,0,15,9
1832,8.2,1999,12,23,1,13,1
1835,9.1,1999,12,23,0,12,7
1842,9,2000,1,7,0,16,27
1853,9.6,2000,1,28,0,17,15
1858,9.2,1999,12,17,0,1,1
1862,8.8,2000,1,7,1,1,10
1863,8.8,2000,1,7,1,1,9
1867,9,2000,1,6,0,15,10
1874,9.8,1999,12,20,0,12,11
1881,9,2000,1,26,0,15,1
1893,8.9,2000,1,18,1,1,11
1894,9,2000,1,18,0,12,0
1902,9.1,2000,1,26,0,17,6
1916,8.8,1999,12,14,1,1,11
1924,9,2000,1,5,0,1,24
1927,10,2000,1,4,2,16,13
1934,8.8,2000,1,24,1,1,14
1945,9,2000,1,11,0,12,28
1946,8.9,2000,1,11,1,12,6
1956,9.5,2000,2,4,0,1,24
1972,8.5,2000,2,2,1,12,11
1994,8.8,2000,3,1,1,12,26
2008,10,2000,2,28,2,15,29
2011,8.9,2000,2,25,1,1,6
2018,9,2000,2,22,0,12,11
2024,8.9,2000,2,18,1,12,2
2042,9,2000,3,24,0,1,6
2062,9.6,2000,3,21,0,17,0
2063,8.8,2000,3,21,1,12,1
2065,8.8,2000,3,8,1,1,11
2066,9,2000,3,7,0,17,10
2100,8.9,2000,3,14,1,12,6
2102,9.1,2000,3,14,0,13,7
2103,9.2,2000,3,13,0,12,21
2104,9,2000,3,13,0,12,6
2130,9,2000,4,3,0,1,6
2141,9.2,2000,3,30,0,17,2
2143,9.4,2000,3,30,0,17,6
2145,9.1,2000,3,30,0,13,7
2151,9,2000,5,26,0,15,6
2157,9.8,2000,5,24,0,17,7
2168,9.2,2000,4,28,0,1,6
2174,10,2000,5,5,2,15,2
2177,9.6,2000,5,22,0,12,1
2179,9.8,2000,5,19,0,13,14
2190,9.5,2000,5,19,0,17,13
2195,9,2000,4,20,0,1,9
2197,8,2000,4,19,1,12,6
2198,9,2000,4,19,0,12,11
2208,9,2000,5,9,0,1,9
2214,8.5,2000,5,2,1,1,1
2215,8.5,2000,5,2,1,17,13
2220,9.7,2000,5,1,0,13,11
2222,9,2000,4,28,0,16,6
2226,8.9,2000,6,13,1,1,9
2230,8.6,2000,6,12,1,1,9
2249,9.4,2000,6,27,0,1,1
2254,8.8,2000,7,7,1,1,1
2257,9.5,2000,6,2,0,1,9
2271,8.3,2000,6,6,1,12,1
2280,9.1,2000,6,26,0,1,24
2283,8.3,2000,7,7,1,1,3
2286,9.4,2000,7,7,0,17,7
2331,8.5,2000,6,22,1,1,9
2342,9.3,2000,6,29,0,17,13
2347,8.5,2000,6,13,1,12,6
2367,9,2000,8,18,0,13,21
2375,8.5,2000,7,27,1,12,6
2377,8.6,2000,7,26,1,1,9
2378,8,2000,7,20,1,1,30
2381,8.4,2000,7,18,1,18,31
2390,9.4,2000,8,15,0,12,7
2407,9.7,2000,8,15,0,12,1
2417,9.1,2000,8,9,0,12,6
2425,9.3,2000,9,27,0,17,11
2428,9,2000,9,26,0,1,11
2429,8,2000,9,26,1,15,6
2431,9,2000,9,26,0,1,2
2432,9.3,2000,9,25,0,12,4
2435,8.8,2000,9,22,1,1,6
2440,9,2000,9,7,0,17,11
2441,9.5,2000,9,7,0,17,7
2444,9,2000,9,6,0,13,11
2453,8.5,2000,9,20,1,1,24
2459,9.1,2000,8,29,0,17,13
2460,9,2000,8,28,0,1,24
2479,9,2000,9,5,0,1,11
2482,9.2,2000,9,19,0,17,32
2483,9.6,2000,9,19,0,12,7
2486,8.4,2000,9,15,1,1,10
2496,9,2000,8,25,0,12,6
2499,9,2000,8,24,0,17,33
2503,8.4,2000,9,29,1,1,1
2508,8.7,2000,9,1,1,1,7
2518,9.2,2000,9,13,0,12,0
2533,8.5,2000,9,28,1,1,11
2538,9.1,2000,8,29,0,12,1
2540,9.2,2000,9,12,0,1,9
2553,8.6,2000,10,24,1,19,14
2561,8.8,2000,10,23,1,1,7
2563,9,2000,10,23,0,19,7
2565,8.4,2000,10,23,1,19,14
2567,10,2000,10,16,2,15,1
2583,9,2000,10,20,0,12,7
2585,8.9,2000,10,18,1,13,14
2589,9.1,2000,10,12,0,12,0
2590,9,2000,10,12,0,1,11
2594,9.3,2000,10,23,0,19,7
2595,8.7,2000,10,23,1,19,13
2597,9.3,2000,10,23,0,1,7
2598,9,2000,10,23,0,17,11
2599,9.5,2000,10,18,0,17,5
2610,9,2000,10,10,0,1,11
2611,9.4,2000,10,10,0,1,1
2615,8.7,2000,10,16,1,12,11
2616,10,2000,10,16,2,15,1
2621,8.8,2000,10,5,1,13,9
2623,9,2000,10,5,0,1,7
2630,9.6,2000,10,27,0,17,6
2633,8.7,2000,10,26,1,1,11
2639,9,2000,11,22,0,15,0
2640,8.9,2000,11,22,1,12,26
2645,8.2,2000,11,7,1,12,25
2649,9.9,2000,10,25,0,13,2
2652,9.3,2000,10,24,0,1,9
2658,8.5,2000,11,21,1,13,4
2665,9.4,2000,11,6,0,17,11
2666,9.9,2000,11,6,0,17,7
2668,8.6,2000,10,24,1,19,11
2671,9.2,2000,10,24,0,17,14
2674,9.4,2000,11,20,0,13,0
2679,9.3,2000,11,20,0,1,4
2684,9.7,2000,11,3,0,17,3
2685,9.1,2000,11,3,0,1,9
2692,9,2000,11,16,0,19,34
2694,9.4,2000,11,16,0,1,9
2697,9,2000,11,17,0,15,0
2701,9.1,2000,11,10,0,1,14
2712,9,2000,10,31,0,12,6
2713,8.8,2000,10,31,1,1,6
2721,8.1,2000,11,9,1,12,14
2722,8.6,2000,11,9,1,1,0
2723,8.4,2000,11,9,1,12,32
2730,9.2,2000,11,14,0,17,1
2738,8.7,2000,11,8,1,1,4
2749,9,2000,11,13,0,13,26
2757,9,2000,11,27,0,13,14
2760,8.5,2000,11,27,1,12,35
2763,8.5,2000,11,30,1,1,1
2766,8.8,2000,11,27,1,17,6
2771,9.2,2000,11,22,0,12,1
2784,8.9,2000,11,22,1,1,14
2785,9.3,2000,11,22,0,17,2
2789,9.2,2000,12,5,0,12,7
2792,9,2000,11,29,0,1,24
2793,9,2000,11,29,0,17,6
2794,9,2000,11,29,0,15,11
2801,9.4,2000,12,5,0,1,6
2808,9,2000,11,28,0,19,7
2820,9,2000,12,1,0,15,6
2824,9.2,2000,12,1,0,17,1
2837,8.4,2000,12,18,1,12,7
2838,9.2,2000,12,15,0,1,6
2856,9.1,2001,1,19,0,17,11
2861,8.9,2001,1,4,1,17,13
2863,9,2000,12,15,0,13,19
2866,8,2000,12,15,1,13,6
2873,8.5,2000,12,8,1,1,7
2874,8.5,2000,12,8,1,1,1
2884,9,2001,1,17,0,1,9
2886,9,2001,1,17,0,17,14
2892,9.2,2001,1,2,0,1,11
2903,9,2000,12,7,0,15,10
2912,8,2001,1,12,1,15,6
2926,8.4,2000,12,12,1,1,8
2939,9.6,2001,1,4,0,17,5
2940,8.7,2001,1,4,1,17,13
2943,8.2,2000,12,21,1,12,1
2944,9.4,2000,12,21,0,12,11
2946,8.7,2000,12,20,1,12,11
2952,8.8,2001,2,27,1,1,6
2957,9,2001,2,21,0,19,19
2959,9,2001,2,20,0,15,6
2962,9,2001,2,20,0,1,6
2974,8.6,2001,2,12,1,20,1
2979,8.6,2001,2,8,1,19,7
2986,8.5,2001,2,7,1,1,24
2993,9.3,2001,1,31,0,17,1
2997,8.9,2001,2,6,1,1,11
2999,8.7,2001,2,6,1,19,11
3002,9,2001,2,5,0,13,1
3003,8.8,2001,2,5,1,19,0
3004,8.5,2001,2,2,1,12,6
3008,8.5,2001,1,26,1,1,24
3017,9,2001,1,24,0,15,21
3023,9,2001,1,23,0,17,36
3025,8.5,2001,3,12,1,19,9
3027,9.2,2001,3,9,0,1,11
3039,8.5,2001,3,6,1,19,4
3046,9.9,2001,3,2,0,13,2
3047,8.6,2001,3,2,1,1,1
3053,9.7,2001,3,27,0,1,9
3056,9,2001,3,20,0,1,9
3060,8.4,2001,3,19,1,19,7
3064,8.8,2001,5,29,1,17,15
3065,9.1,2001,5,25,0,19,14
3070,9.3,2001,3,14,0,17,11
3072,8.9,2001,3,14,1,19,2
3077,8.8,2001,5,23,1,17,14
3079,10,2001,5,14,2,15,2
3080,10,2001,5,14,2,15,2
3085,8.8,2001,4,24,1,19,11
3093,9.4,2001,3,12,0,17,14
3102,8.8,2001,5,4,1,1,9
3104,8.8,2001,5,1,1,17,13
3110,8.7,2001,4,20,1,1,1
3117,8.5,2001,4,4,1,19,7
3118,9.3,2001,4,4,0,12,5
3119,8.5,2001,4,3,1,1,9
3121,9,2001,4,2,0,1,14
3126,9,2001,4,27,0,12,14
3140,8.7,2001,3,27,1,19,6
3141,8.8,2001,3,27,1,19,14
3145,9,2001,4,10,0,15,6
3146,9,2001,4,10,0,15,11
3148,8.9,2001,4,9,1,1,6
3150,9.5,2001,6,14,0,21,7
3151,9,2001,6,14,0,21,11
3163,9,2001,6,8,0,15,6
3175,9,2001,6,21,0,1,9
3179,8.7,2001,6,20,1,19,4
3183,8.5,2001,6,19,1,12,6
3184,9.3,2001,6,19,0,19,7
3186,9.6,2001,6,18,0,19,14
3189,8.5,2001,6,14,1,21,6
3193,9,2001,7,6,0,15,6
3196,8.8,2001,7,5,1,1,3
3199,9,2001,6,14,0,21,0
3207,8.5,2001,7,3,1,1,9
3210,9,2001,6,29,0,1,1
3214,9,2001,6,14,0,21,2
3215,8.5,2001,6,14,1,21,10
3223,9.4,2001,6,22,0,17,0
3228,9.3,2001,7,27,0,1,6
3230,9,2001,7,24,0,19,7
3235,9.2,2001,7,23,0,19,0
3236,10,2001,7,20,2,15,1
3238,9.4,2001,7,18,0,12,1
3244,9,2001,7,16,0,21,6
3251,8.8,2001,8,31,1,1,14
3256,9.5,2001,8,29,0,21,15
3265,8.7,2001,8,24,1,1,1
3268,8.9,2001,8,23,1,1,9
3275,9.2,2001,8,21,0,19,7
3279,8.8,2001,8,20,1,1,9
3282,8.7,2001,8,17,1,17,7
3288,9.8,2001,8,7,0,19,32
3292,8.7,2001,8,2,1,17,13
3296,8.6,2001,7,31,1,17,6
3298,9,2001,7,30,0,15,1
3300,9,2001,9,25,0,19,4
3304,9.2,2001,9,24,0,19,7
3312,9,2001,9,21,0,17,7
3315,8.5,2001,9,19,1,12,1
3316,9.4,2001,9,18,0,17,6
3317,8.5,2001,10,3,1,17,1
3318,8.7,2001,10,2,1,19,14
3319,8.8,2001,10,2,1,19,13
3324,8.9,2001,10,1,1,19,15
3325,8.8,2001,9,18,1,1,14
3327,9.2,2001,9,18,0,1,7
3338,9,2001,9,27,0,21,0
3340,9.9,2001,9,10,0,21,9
3348,9.4,2001,9,25,0,19,4
3354,9.6,2001,10,16,0,19,2
3355,9,2001,10,16,0,1,2
3362,8.6,2001,11,7,1,19,7
3363,8.8,2001,11,6,1,19,11
3370,8.7,2001,10,31,1,19,11
3374,8.6,2001,10,9,1,1,9
3377,9,2001,10,8,0,1,9
3380,9.4,2001,11,6,0,19,7
3384,8.6,2001,11,2,1,19,11
3385,9,2001,11,2,0,1,1
3388,9.7,2001,10,30,0,19,7
3389,9.3,2001,10,29,0,1,9
3390,9.6,2001,10,29,0,17,7
3399,9.4,2001,11,2,0,17,7
3400,8.5,2001,11,2,1,19,7
3401,9,2001,11,2,0,19,2
3403,8.9,2001,11,1,1,21,14
3404,9,2001,11,1,0,15,1
3408,8.7,2001,10,26,1,1,9
3414,8.6,2001,11,1,1,1,37
3415,9,2001,11,1,0,15,1
3418,9.1,2001,10,23,0,19,19
3419,9,2001,10,23,0,15,17
3420,8.5,2001,10,23,1,21,7
3421,9.6,2001,10,22,0,19,2
3425,9.4,2001,11,12,0,22,13
3433,8.6,2001,11,11,1,13,7
3434,9.7,2001,11,9,0,21,1
3436,9.6,2001,11,9,0,12,7
3438,9.3,2001,11,9,0,1,6
3440,8.8,2001,11,9,1,22,11
3441,9.7,2001,11,9,0,22,14
3444,8.6,2001,11,8,1,22,7
3445,8.7,2001,11,8,1,1,9
3448,9,2001,11,7,0,1,34
3452,9.1,2001,11,16,0,23,19
3454,9.1,2001,11,16,0,23,7
3457,8.7,2001,11,16,1,23,7
3458,9.7,2001,11,16,0,19,6
3460,9.1,2001,11,16,0,19,6
3478,8.8,2001,11,20,1,19,1
3483,9,2001,11,20,0,19,7
3484,9,2001,11,20,0,17,6
3485,9,2001,11,20,0,1,9
3488,9,2001,11,20,0,21,1
3499,9.2,2001,11,16,0,23,11
3502,9.4,2001,12,4,0,19,0
3503,8.8,2001,12,4,1,21,10
3507,9.4,2001,12,3,0,19,3
3511,9.1,2001,12,3,0,23,9
3512,9.6,2001,12,3,0,23,13
3515,9,2001,11,30,0,21,14
3518,9,2001,11,30,0,1,14
3527,8.5,2001,11,29,1,1,9
3531,8.5,2001,11,28,1,19,6
3532,8.6,2001,11,28,1,23,7
3533,8.5,2001,11,28,1,23,11
3537,8.7,2001,11,27,1,12,1
3543,9,2001,11,26,0,19,22
3544,8.5,2001,11,21,1,22,7
3545,8.7,2001,11,21,1,1,9
3546,8.8,2001,11,21,1,22,7
3551,9,2001,12,11,0,17,13
3553,9,2001,12,11,0,22,7
3555,8.5,2001,12,10,1,22,32
3558,8.9,2001,12,10,1,22,6
3560,9,2001,12,10,0,22,7
3566,8.6,2002,1,14,1,19,7
3570,8.8,2001,12,7,1,1,4
3580,8.5,2002,1,30,1,21,6
3582,8.5,2001,12,19,1,1,1
3586,9.5,2001,12,18,0,19,1
3604,8.5,2002,1,29,1,1,7
3605,8.6,2002,1,28,1,1,9
3607,8.7,2002,1,25,1,1,16
3615,8.5,2001,12,13,1,21,10
3618,8.8,2002,2,14,1,19,7
3619,9.2,2002,2,13,0,19,2
3624,8.5,2002,1,8,1,19,5
3625,9,2002,1,7,0,17,6
3628,8.2,2002,1,4,1,22,4
3630,8.7,2002,1,24,1,22,7
3643,9.2,2002,2,12,0,17,7
3645,9.3,2002,2,11,0,21,0
3659,9.3,2002,1,18,0,1,14
3660,9,2002,1,16,0,1,24
3662,9.1,2002,2,8,0,22,26
3668,9,2002,2,6,0,22,11
3676,8.9,2002,3,7,1,1,11
3678,9.2,2002,2,6,0,1,14
3681,9.1,2002,2,5,0,21,0
3683,8.8,2002,2,26,1,22,7
3684,8.6,2002,2,26,1,13,4
3685,8.6,2002,2,25,1,23,7
3688,8.5,2002,2,25,1,19,22
3690,9.1,2002,2,22,0,22,6
3694,9.6,2002,3,6,0,21,7
3695,9.5,2002,3,6,0,22,7
3701,9,2002,2,22,0,1,24
3703,9,2002,2,21,0,21,10
3711,8.8,2002,3,5,1,22,7
3718,9,2002,3,15,0,22,6
3727,8.5,2002,2,14,1,1,24
3728,9,2002,3,1,0,21,0
3729,8.9,2002,3,1,1,19,7
3730,8.9,2002,3,1,1,22,7
3731,9.2,2002,2,28,0,22,11
3739,8.5,2002,3,12,1,19,11
3742,8.5,2002,3,12,1,1,9
3744,9,2002,3,11,0,19,19
3747,8.9,2002,3,8,1,19,7
3749,8.3,2002,3,8,1,23,7
3754,9,2002,4,1,0,1,6
3756,8.6,2002,3,29,1,1,14
3759,9,2002,3,26,0,21,6
3762,9.3,2002,3,26,0,1,1
3763,8.7,2002,3,22,1,19,11
3768,8.8,2002,3,20,1,21,7
3771,8.6,2002,3,20,1,23,7
3774,9.3,2002,3,19,0,19,13
3781,8.7,2002,4,10,1,1,9
3788,9,2002,6,7,0,4,14
3805,9.3,2002,4,5,0,1,7
3808,8.5,2002,4,4,1,1,3
3813,8.9,2002,5,21,1,1,16
3814,8.8,2002,5,20,1,1,14
3815,8.7,2002,5,17,1,22,6
3822,8.8,2002,6,3,1,22,11
3826,9,2002,5,31,0,22,7
3829,9.3,2002,5,30,0,1,7
3831,9.4,2002,5,15,0,1,1
3832,8.5,2002,5,15,1,21,9
3838,9,2002,4,26,0,23,2
3845,9.4,2002,5,29,0,19,7
3847,8.7,2002,5,28,1,1,14
3848,9.4,2002,5,27,0,1,2
3859,8.4,2002,4,18,1,22,6
3865,9.5,2002,5,7,0,12,5
3866,8.8,2002,5,6,1,12,1
3871,8.8,2002,4,17,1,21,6
3872,8.4,2002,4,17,1,19,6
3877,9.4,2002,6,17,0,22,1
3890,8.3,2002,6,10,1,4,14
3891,9.3,2002,6,10,0,4,14
3903,9.6,2002,6,10,0,4,14
3904,8.9,2002,6,10,1,4,9
3906,9,2002,6,10,0,4,9
3917,8.7,2002,6,25,1,1,4
3919,9,2002,6,25,0,4,9
3924,8.4,2002,6,7,1,4,38
3926,8.7,2002,6,7,1,4,24
3927,9.4,2002,6,7,0,4,14
3928,8.3,2002,6,7,1,4,3
3931,8.5,2002,6,24,1,1,9
3934,9,2002,6,21,0,1,1
3937,9.6,2002,6,21,0,23,4
3939,9,2002,6,7,0,4,14
3947,8.6,2002,6,19,1,19,15
3949,9,2002,6,18,0,19,15
3953,9.3,2002,7,10,0,4,14
3963,9.3,2002,7,2,0,1,9
3971,8.5,2002,6,27,1,19,9
3975,9.1,2002,9,5,0,23,24
3976,9,2002,9,5,0,1,1
3989,8.8,2002,8,30,1,22,11
3992,9.2,2002,8,29,0,1,2
3998,8.9,2002,8,26,1,19,2
4000,8.9,2002,8,26,1,1,9
4002,9,2002,8,24,0,23,17
4004,9.2,2002,8,22,0,1,7
4005,9.4,2002,8,22,0,23,0
4017,8.5,2002,8,15,1,21,7
4018,8.5,2002,8,15,1,22,6
4021,8.5,2002,7,26,1,19,7
4028,8.2,2002,8,12,1,23,7
4031,9,2002,8,14,0,21,14
4039,9,2002,8,13,0,4,6
4044,9.1,2002,7,19,0,22,7
4046,8.8,2002,7,19,1,19,6
4047,8.9,2002,7,19,1,19,7
4048,8.9,2002,7,18,1,22,7
4051,9.1,2002,8,9,0,22,7
4052,8.7,2002,8,9,1,4,9
4053,9.2,2002,8,9,0,19,7
4054,9,2002,8,9,0,23,7
4056,8.9,2002,7,18,1,23,7
4058,9.3,2002,7,17,0,4,9
4061,9.1,2002,8,8,0,19,7
4062,8.8,2002,8,8,1,22,7
4063,8.8,2002,8,8,1,23,7
4069,9.1,2002,8,5,0,23,7
4073,8.9,2002,8,1,1,4,1
4077,8.5,2002,9,19,1,19,11
4080,8.9,2002,9,18,1,22,7
4083,8.9,2002,9,18,1,19,7
4089,9,2002,9,24,0,19,13
4099,9.4,2002,9,24,0,21,0
4101,9,2002,9,24,0,19,11
4102,9,2002,9,23,0,23,4
4105,8.8,2002,9,23,1,21,6
4108,9,2002,9,17,0,4,14
4110,9,2002,9,16,0,19,3
4111,9.3,2002,9,16,0,1,14
4113,9.2,2002,9,16,0,21,2
4115,8.5,2002,9,20,1,23,11
4116,8.5,2002,9,20,1,19,0
4117,8.5,2002,9,20,1,22,11
4120,8.8,2002,9,20,1,1,14
4128,9,2002,10,2,0,1,14
4137,9,2002,9,27,0,1,14
4138,8.8,2002,9,27,1,22,0
4146,8.5,2002,9,26,1,21,6
4152,9.4,2002,10,22,0,19,1
4161,9,2002,10,21,0,21,7
4165,9.3,2002,10,18,0,22,21
4168,8.5,2002,10,18,1,22,3
4191,9.3,2002,10,11,0,19,5
4193,9.1,2002,10,11,0,23,14
4195,8.7,2002,10,7,1,1,6
4198,8.5,2002,10,7,1,22,7
4199,8.7,2002,10,7,1,19,7
4201,8.8,2002,10,14,1,1,1
4206,9.1,2002,10,11,0,22,14
4214,9.1,2002,10,7,0,19,14
4215,8.7,2002,10,4,1,23,7
4217,8.9,2002,10,4,1,22,7
4221,9,2002,10,3,0,19,11
4222,8.6,2002,10,3,1,19,7
4227,8.5,2002,10,10,1,21,6
4233,8.8,2002,10,3,1,1,7
4235,8.7,2002,10,3,1,22,7
4236,8.7,2002,10,3,1,23,7
4239,9.2,2002,10,9,0,19,14
4245,8.5,2002,10,8,1,23,7
4246,8.7,2002,10,8,1,19,7
4248,8.4,2002,10,2,1,22,6
4254,9.2,2002,11,4,0,19,0
4255,9.3,2002,11,4,0,1,9
4260,9,2002,11,1,0,23,1
4264,8.5,2002,10,31,1,1,1
4275,8.3,2002,10,29,1,22,3
4276,9.2,2002,10,29,0,21,7
4279,8.9,2002,10,28,1,19,7
4282,9.7,2002,10,28,0,19,2
4283,9,2002,10,25,0,22,7
4285,8.5,2002,10,25,1,22,7
4291,8.9,2002,10,24,1,23,7
4295,9.1,2002,10,23,0,23,7
4296,8.9,2002,10,23,1,21,11
4299,9.3,2002,10,23,0,19,7
4300,8.5,2002,11,11,1,22,0
4302,9.8,2002,11,11,0,23,2
4303,8.7,2002,11,11,1,19,7
4304,9.1,2002,11,8,0,1,37
4305,9,2002,11,8,0,22,2
4307,8.9,2002,11,8,1,23,2
4320,9.5,2002,11,6,0,1,24
4321,8.7,2002,11,12,1,22,2
4325,9.5,2002,11,12,0,21,2
4329,9,2002,11,6,0,1,7
4331,9.2,2002,11,6,0,22,6
4334,8.8,2002,11,5,1,19,11
4337,9,2002,11,12,0,19,11
4338,8.7,2002,11,11,1,22,7
4339,8.8,2002,11,11,1,23,7
4340,8.9,2002,11,11,1,22,7
4344,8.5,2002,11,11,1,23,13
4345,9.2,2002,11,11,0,22,14
4346,8.5,2002,11,11,1,19,0
4348,8.5,2002,11,11,1,22,0
4351,8.8,2002,11,19,1,22,6
4356,8.6,2002,11,19,1,23,13
4361,9,2002,11,18,0,1,9
4362,8.5,2002,11,18,1,23,14
4387,9.6,2002,11,18,0,22,4
4392,8.8,2002,11,13,1,22,14
4407,8.5,2002,11,21,1,19,39
4409,9.1,2002,11,21,0,4,14
4412,8.8,2002,11,20,1,21,13
4423,8.6,2002,11,19,1,19,13
4424,8.6,2002,11,19,1,22,13
4440,8.8,2002,9,10,1,1,24
4443,8.5,2002,9,10,1,1,2
4451,8.5,2002,11,27,1,1,24
4457,8.6,2002,11,26,1,22,7
4458,8.5,2002,11,26,1,23,7
4460,8.6,2002,11,26,1,19,7
4477,8.5,2002,12,3,1,1,7
4485,9,2002,11,22,0,4,6
4486,9.7,2002,12,3,0,21,2
4487,8.5,2002,12,2,1,21,0
4498,9,2002,11,27,0,21,17
4502,9,2002,12,13,0,21,13
4503,9,2002,12,13,0,1,1
4515,8.5,2002,12,10,1,1,9
4518,9.3,2002,12,10,0,19,11
4521,8.6,2002,12,9,1,1,1
4527,8.5,2003,2,4,1,21,11
4532,9,2003,2,3,0,19,13
4533,8.8,2003,2,3,1,21,7
4534,9.1,2003,1,31,0,1,14
4539,8.1,2003,1,9,1,22,1
4540,8.9,2003,1,9,1,19,13
4543,9,2003,1,29,0,4,9
4547,8.5,2003,1,28,1,23,1
4568,8.7,2002,12,20,1,1,1
4575,9.2,2003,1,22,0,22,7
4578,8.8,2002,12,19,1,1,1
4584,8.5,2003,1,21,1,21,0
4588,8.8,2003,1,15,1,21,11
4590,8.5,2003,1,15,1,23,0
4593,9,2003,2,14,0,19,3
4596,9.2,2003,1,14,0,1,24
4601,9,2003,1,13,0,21,11
4602,9.2,2003,1,10,0,22,14
4609,8.5,2003,2,10,1,19,3
4617,9.3,2003,2,7,0,1,9
4619,8.6,2003,2,7,1,22,13
4625,9,2003,3,5,0,21,0
4627,8.5,2003,3,4,1,19,6
4628,9.1,2003,3,3,0,19,2
4630,8.9,2003,2,28,1,22,11
4634,9,2003,2,27,0,23,2
4638,9.2,2003,2,26,0,1,37
4641,8.8,2003,2,24,1,19,1
4647,9.4,2003,2,18,0,1,4
4649,9.2,2003,2,14,0,1,9
4650,8.5,2003,3,24,1,22,24
4651,9.1,2003,3,24,0,19,2
4652,9.3,2003,3,24,0,19,22
4655,8.6,2003,3,21,1,19,6
4656,9.6,2003,3,21,0,23,2
4657,9.4,2003,3,21,0,19,7
4659,8.6,2003,3,20,1,1,14
4661,9.5,2003,3,17,0,21,1
4663,8.7,2003,3,14,1,22,13
4664,9,2003,3,14,0,21,0
4666,8.5,2003,3,19,1,21,10
4667,8.4,2003,3,19,1,22,6
4670,9.7,2003,3,19,0,4,39
4672,8.9,2003,3,13,1,1,9
4679,8.9,2003,3,18,1,1,14
4680,8.9,2003,3,18,1,19,0
4682,8.5,2003,3,18,1,19,11
4684,9.5,2003,3,17,0,21,1
4687,9.3,2003,3,11,0,1,11
4688,8.9,2003,3,11,1,1,1
4689,8.5,2003,3,11,1,22,7
4691,8.5,2003,3,11,1,19,7
4692,8.6,2003,3,10,1,19,6
4693,9.1,2003,3,10,0,22,7
4697,8.9,2003,3,31,1,19,26
4699,9,2003,3,10,0,19,7
4700,9,2003,3,10,0,19,7
4704,8.9,2003,3,31,1,23,26
4706,8.5,2003,3,28,1,1,34
4709,9,2003,3,27,0,19,11
4710,8.5,2003,3,27,1,21,6
4712,8.9,2003,3,5,1,23,6
4721,8.5,2003,3,24,1,23,24
4723,8.9,2003,3,24,1,22,11
4724,8.5,2003,3,24,1,22,24
4728,9,2003,4,15,0,12,1
4729,8.5,2003,4,15,1,22,33
4740,9.1,2003,4,4,0,23,6
4742,8.3,2003,4,9,1,23,14
4747,9.1,2003,4,8,0,19,11
4751,8.5,2003,4,3,1,23,11
4763,8.9,2003,4,2,1,1,2
4764,8.5,2003,4,2,1,21,10
4769,8.3,2003,4,1,1,22,14
4778,8,2003,5,13,1,24,0
4779,8.5,2003,5,13,1,25,1
4780,8.5,2003,5,13,1,24,2
4782,9.3,2003,5,7,0,22,14
4783,8,2003,5,5,1,24,14
4786,9.4,2003,4,24,0,19,7
4787,9.4,2003,4,24,0,22,7
4791,9.3,2003,5,5,0,21,2
4809,8.6,2003,4,28,1,22,11
4811,8,2003,4,28,1,24,10
4812,9.1,2003,4,24,0,23,7
4816,8.5,2003,4,21,1,21,6
4820,8.9,2003,4,17,1,19,11
4828,8,2003,5,27,1,24,14
4830,8,2003,5,27,1,24,0
4839,9,2003,5,22,0,21,18
4842,9.3,2003,5,22,0,1,2
4844,9.5,2003,5,21,0,24,24
4847,9,2003,5,21,0,24,6
4853,8.7,2003,6,18,1,22,11
4859,8,2003,6,16,1,24,6
4863,8.8,2003,6,4,1,22,11
4864,8.6,2003,6,4,1,19,7
4865,8.4,2003,6,4,1,22,7
4866,8.5,2003,6,3,1,19,8
4871,8.9,2003,6,16,1,1,1
4873,8.4,2003,6,13,1,1,9
4874,8.5,2003,6,12,1,21,11
4878,8.6,2003,6,3,1,1,9
4880,8.5,2003,6,2,1,1,14
4885,8.8,2003,5,30,1,22,11
4888,8.5,2003,6,26,1,19,40
4897,8.5,2003,7,30,1,1,9
4898,9,2003,7,30,0,1,34
4902,9,2003,5,30,0,1,9
4907,8.5,2003,5,29,1,19,11
4919,8,2003,7,14,1,24,7
4921,9.5,2003,7,14,0,22,1
4922,9.5,2003,7,29,0,1,32
4924,9,2003,7,28,0,24,7
4936,9,2003,6,20,0,21,9
4938,8.5,2003,6,19,1,21,6
4942,8,2003,7,14,1,24,21
4958,8.8,2003,7,3,1,1,11
4963,9,2003,7,16,0,23,7
4964,9,2003,7,16,0,22,7
4965,9.1,2003,7,16,0,19,7
4969,8.5,2003,8,26,1,24,21
4971,8.3,2003,8,22,1,22,6
4972,9.3,2003,8,22,0,23,11
4974,9.5,2003,8,8,0,19,13
4979,9,2003,7,1,0,19,0
4980,9,2003,7,1,0,1,9
4986,8.8,2003,8,21,1,21,41
4987,8,2003,8,21,1,24,5
4988,9,2003,8,20,0,1,9
4989,9.3,2003,8,20,0,1,7
5009,8.8,2003,8,5,1,19,4
5010,8,2003,8,5,1,24,14
5012,8.9,2003,8,4,1,19,15
5015,8.5,2003,8,1,1,21,15
5018,9.4,2003,8,11,0,22,7
5019,9.4,2003,8,11,0,23,7
5020,9.5,2003,8,11,0,19,7
5021,9,2003,8,11,0,19,9
5025,9.3,2003,9,4,0,22,7
5028,8.5,2003,9,3,1,24,10
5029,8.5,2003,9,3,1,24,7
5034,9.2,2003,8,29,0,1,7
5040,8.5,2003,8,28,1,21,13
5042,9.2,2003,8,26,0,22,13
5043,9.2,2003,8,26,0,19,20
5044,8.5,2003,8,26,1,19,10
5045,9.2,2003,8,26,0,23,13
5046,9.2,2003,8,26,0,19,13
5051,8.5,2003,9,25,1,1,1
5053,8.6,2003,9,24,1,22,21
5054,8.8,2003,9,24,1,19,7
5055,9,2003,9,24,0,1,9
5057,8.6,2003,9,24,1,19,21
5059,8.6,2003,9,24,1,23,21
5062,8.5,2003,9,15,1,21,2
5063,8.8,2003,9,15,1,1,14
5066,8.7,2003,9,12,1,1,9
5070,8.8,2003,9,23,1,23,7
5073,8.8,2003,9,23,1,22,7
5075,8.8,2003,9,22,1,19,11
5077,9,2003,9,22,0,22,7
5078,8.4,2003,9,22,1,23,2
5079,8.4,2003,9,22,1,19,2
5087,9.5,2003,10,14,0,21,0
5088,8.8,2003,10,14,1,19,7
5095,8.5,2003,9,10,1,22,6
5096,8.8,2003,9,10,1,1,14
5098,9.3,2003,9,9,0,19,7
5100,9,2003,9,23,0,1,7
5101,8.5,2003,9,22,1,22,11
5104,9,2003,9,22,0,23,7
5106,9.1,2003,9,22,0,19,7
5107,8.4,2003,9,22,1,22,2
5117,8,2003,10,4,1,24,7
5118,9.5,2003,10,3,0,23,33
5131,8,2003,9,9,1,24,11
5135,9.3,2003,9,9,0,22,7
5141,8.8,2003,9,18,1,1,1
5146,9,2003,9,16,0,1,9
5148,9.1,2003,9,16,0,22,26
5153,8.4,2003,9,30,1,1,2
5154,8.9,2003,9,29,1,1,9
5156,9.5,2003,10,9,0,19,0
5165,8.5,2003,9,8,1,1,8
5166,9,2003,9,5,0,21,20
5167,9.3,2003,9,4,0,19,7
5172,8.8,2003,9,26,1,1,7
5174,8.5,2003,10,7,1,19,5
5179,9.1,2003,10,20,0,22,19
5180,9,2003,10,20,0,19,2
5181,8.5,2003,10,27,1,1,9
5182,9.5,2003,10,27,0,21,7
5184,9.3,2003,10,27,0,1,14
5189,9.4,2003,10,17,0,22,7
5191,9.5,2003,10,17,0,19,7
5193,9.3,2003,10,17,0,23,7
5194,9.1,2003,10,24,0,19,26
5198,8.8,2003,10,23,1,1,9
5200,9.7,2003,10,22,0,19,2
5203,9.4,2003,10,16,0,1,14
5206,8.8,2003,10,16,1,26,7
5208,9.2,2003,10,15,0,1,24
5209,8.9,2003,10,15,1,1,9
5216,9.2,2003,10,21,0,19,7
5224,9.2,2003,10,21,0,22,7
5234,9.3,2003,10,28,0,22,14
5236,9.2,2003,10,28,0,22,7
5238,9,2003,10,28,0,22,7
5239,9.3,2003,10,28,0,22,7
5240,9.2,2003,10,28,0,23,7
5241,9.5,2003,10,28,0,19,7
5250,8.7,2003,11,3,1,1,6
5257,8.9,2003,11,3,1,19,6
5259,8.7,2003,11,3,1,23,6
5261,8.7,2003,11,3,1,22,6
5262,8.5,2003,10,31,1,1,9
5263,9,2003,10,31,0,23,2
5265,9,2003,10,31,0,22,2
5266,9,2003,10,31,0,19,2
5275,8.8,2003,11,14,1,23,11
5276,8.7,2003,11,14,1,19,7
5277,8.5,2003,11,14,1,21,7
5279,9,2003,11,14,0,1,11
5282,8.5,2003,11,13,1,1,7
5300,8.5,2003,11,7,1,19,7
5301,9.6,2003,11,7,0,19,2
5306,9.5,2003,11,7,0,19,1
5309,8.8,2003,11,6,1,1,24
5314,9.5,2003,11,5,0,21,20
5318,8.5,2003,11,5,1,19,5
5319,9.4,2003,11,4,0,22,2
5321,8.8,2003,11,4,1,19,14
5326,9,2003,11,11,0,23,2
5331,8.5,2003,11,18,1,19,6
5335,9,2003,11,11,0,1,2
5336,9,2003,11,11,0,19,2
5337,9,2003,11,11,0,22,2
5339,9.4,2003,11,11,0,19,0
5343,8,2003,11,18,1,24,21
5354,9.6,2003,11,10,0,22,2
5359,9.5,2003,11,17,0,22,11
5364,9.6,2003,11,10,0,23,2
5369,9,2003,11,17,0,21,1
5370,8.8,2003,11,14,1,22,11
5373,8.9,2003,11,14,1,19,11
5374,8.8,2003,11,14,1,23,11
5375,9,2003,12,1,0,1,2
5376,9,2003,12,1,0,22,2
5388,9,2003,11,24,0,22,14
5393,8.9,2003,11,24,1,21,42
5399,9,2003,11,21,0,1,1
5406,8.5,2003,11,20,1,19,7
5407,8.8,2003,11,20,1,21,6
5417,8.5,2003,11,19,1,19,4
5422,8.5,2003,11,18,1,19,40
5427,8.7,2003,12,5,1,19,8
5433,9,2003,12,4,0,1,4
5438,8.6,2003,12,3,1,1,1
5452,9,2003,12,18,0,21,6
5455,9,2003,12,17,0,24,6
5472,9,2003,12,11,0,1,4
5473,8.5,2003,12,11,1,21,39
5484,8.7,2003,12,9,1,22,5
5485,8.8,2003,12,9,1,1,2
5490,9.5,2003,12,9,0,24,6
5495,8.5,2003,12,5,1,24,14
5512,8.5,2004,1,19,1,24,6
5513,8.8,2004,1,18,1,19,2
5534,8.5,2004,1,12,1,1,10
5535,8.7,2004,1,9,1,1,9
5536,9.2,2004,1,9,0,22,21
5537,9.1,2004,1,9,0,23,21
5538,8.5,2004,1,9,1,24,9
5540,9.2,2004,1,9,0,19,21
5554,9,2004,1,2,0,24,6
5555,9.5,2003,12,27,0,24,10
5557,8,2004,1,30,1,24,7
5565,9,2003,12,24,0,24,7
5571,8.5,2004,1,27,1,24,7
5575,8.7,2004,2,24,1,19,9
5578,9,2004,2,23,0,24,6
5579,9,2004,2,23,0,24,7
5582,8.5,2004,2,20,1,24,43
5583,9,2004,2,20,0,24,10
5584,8.5,2004,2,20,1,24,10
5585,8.5,2004,2,20,1,24,9
5586,8.8,2004,2,19,1,22,11
5591,8.5,2004,2,17,1,23,6
5593,8.5,2004,2,17,1,19,6
5596,8,2004,2,12,1,24,6
5600,8.5,2004,2,17,1,22,6
5603,8.8,2004,2,13,1,19,11
5606,9.1,2004,2,10,0,19,7
5612,8.9,2004,2,9,1,19,3
5618,9,2004,2,6,0,21,2
5623,8,2004,2,5,1,24,6
5625,8,2004,3,4,1,24,6
5628,8.7,2004,3,4,1,22,7
5631,8.6,2004,3,3,1,19,7
5632,9,2004,3,2,0,1,1
5636,8,2004,2,28,1,24,6
5637,8.5,2004,2,28,1,24,6
5640,8.5,2004,2,27,1,23,44
5641,9.4,2004,2,27,0,22,6
5645,8,2004,2,25,1,24,14
5646,9.5,2004,2,25,0,24,14
5648,8.5,2004,2,25,1,24,14
5656,8.5,2004,3,11,1,1,7
5657,9.4,2004,3,11,0,1,14
5665,8.5,2004,4,7,1,24,17
5669,8.5,2004,3,8,1,23,2
5673,8,2004,3,6,1,24,1
5683,8.8,2004,3,5,1,23,7
5684,8.5,2004,3,5,1,22,2
5685,9,2004,3,5,0,22,16
5686,8.5,2004,3,5,1,19,2
5687,9,2004,3,5,0,19,7
5690,8.9,2004,4,2,1,22,7
5693,9,2004,4,2,0,19,21
5694,8.6,2004,4,2,1,19,7
5700,8.8,2004,3,22,1,19,1
5701,9.2,2004,3,19,0,1,14
5706,8.5,2004,3,31,1,24,10
5707,9,2004,3,31,0,24,6
5708,9,2004,3,31,0,24,43
5709,8.5,2004,5,24,1,21,6
5711,8,2004,5,24,1,24,7
5713,8,2004,5,19,1,24,10
5718,9,2004,4,19,0,24,14
5719,9.5,2004,4,16,0,24,0
5726,8,2004,3,17,1,24,9
5744,8.5,2004,5,7,1,24,43
5747,8.5,2004,4,16,1,24,6
5760,9.5,2004,3,26,0,1,2
5765,9.5,2004,3,24,0,22,2
5768,8.8,2004,5,7,1,19,20
5774,9.5,2004,4,15,0,24,6
5783,8.7,2004,3,15,1,22,11
5799,9.5,2004,4,9,0,24,10
5801,8,2004,4,9,1,24,6
5803,9.2,2004,4,30,0,22,11
5812,8.5,2004,4,28,1,19,6
5814,8,2004,4,28,1,24,21
5818,8,2004,4,26,1,24,7
5820,8,2004,4,23,1,24,7
5821,9,2004,4,23,0,19,2
5822,8,2004,4,23,1,24,10
5829,8.7,2004,6,2,1,23,2
5832,9.2,2004,5,31,0,22,9
5833,8.5,2004,5,28,1,22,14
5836,8.4,2004,5,28,1,1,1
5838,9.5,2004,5,28,0,21,43
5840,9,2004,5,27,0,21,0
5843,8.6,2004,5,25,1,1,2
5850,8.5,2004,6,11,1,24,7
5860,8,2004,6,4,1,24,6
5868,8.5,2004,6,17,1,23,45
5876,8.5,2004,6,17,1,19,45
5880,8.5,2004,6,16,1,24,6
5883,8.8,2004,6,16,1,19,5
5892,8.8,2004,6,15,1,1,9
5894,8.5,2004,6,14,1,24,13
5895,8.5,2004,6,14,1,19,6
5901,8,2004,7,1,1,24,0
5902,8.5,2004,6,14,1,22,6
5904,9.5,2004,6,11,0,21,21
5906,8,2004,7,19,1,24,10
5907,8,2004,7,16,1,24,6
5910,8.8,2004,8,16,1,19,7
5911,8.8,2004,8,16,1,21,6
5917,8.8,2004,6,29,1,23,6
5918,9,2004,6,29,0,22,6
5919,8.8,2004,6,29,1,19,6
5921,8.5,2004,6,28,1,1,9
5922,8,2004,6,25,1,24,6
5923,8,2004,6,24,1,24,15
5927,8.2,2004,7,30,1,26,15
5928,9.4,2004,7,16,0,22,7
5929,9.3,2004,7,16,0,19,7
5933,8,2004,7,14,1,24,7
5935,8.7,2004,7,13,1,22,7
5936,8.7,2004,7,13,1,19,7
5938,8,2004,8,11,1,24,7
5942,8.1,2004,8,6,1,24,14
5943,9,2004,8,6,0,19,3
5944,9.5,2004,8,5,0,22,7
5945,8.5,2004,8,5,1,21,0
5962,8.5,2004,7,13,1,23,7
5964,8.5,2004,7,12,1,24,0
5965,8,2004,7,9,1,24,43
5967,9.5,2004,7,8,0,24,9
5968,9,2004,7,7,0,24,8
5971,8.9,2004,8,5,1,1,14
5972,9.4,2004,8,5,0,23,16
5973,9.5,2004,8,5,0,19,7
5974,9.3,2004,8,5,0,22,14
5975,9.5,2004,8,5,0,19,7
5976,9.2,2004,8,4,0,24,6
5980,8.5,2004,6,21,1,24,11
5990,8.5,2004,7,6,1,24,14
5991,8.5,2004,7,6,1,23,1
6006,9.3,2004,8,27,0,22,3
6013,8.5,2004,8,26,1,19,23
6014,8.7,2004,8,25,1,24,6
6019,9.3,2004,8,20,0,23,9
6020,9.1,2004,8,20,0,19,6
6024,8.7,2004,8,18,1,24,7
6027,9,2004,9,3,0,21,1
6028,9.2,2004,9,3,0,19,0
6029,9,2004,9,3,0,21,1
6034,9.5,2004,9,2,0,22,11
6035,9.4,2004,9,2,0,19,11
6037,9.2,2004,9,1,0,19,7
6038,8.5,2004,9,1,1,24,7
6039,9.2,2004,9,1,0,22,7
6042,8.6,2004,8,31,1,19,20
6043,9.2,2004,8,30,0,19,11
6044,9,2004,8,30,0,23,11
6046,9.2,2004,8,30,0,22,11
6054,8.7,2004,9,17,1,19,26
6056,8.7,2004,9,17,1,23,26
6057,8.7,2004,9,17,1,22,26
6058,8.5,2004,9,17,1,22,14
6062,9,2004,9,16,0,19,6
6067,8.3,2004,9,15,1,24,11
6072,8.4,2004,9,14,1,1,6
6077,8.6,2004,9,11,1,24,1
6085,9.4,2004,9,10,0,1,24
6086,8.9,2004,9,10,1,22,33
6093,8.2,2004,9,8,1,24,6
6102,9,2004,10,4,0,1,4
6109,8,2004,10,3,1,24,0
6111,8.8,2004,10,1,1,22,13
6114,8.8,2004,10,1,1,19,13
6117,9.1,2004,9,30,0,22,11
6118,9.4,2004,9,29,0,1,14
6125,9,2004,9,22,0,23,7
6128,8.6,2004,9,22,1,19,1
6132,9.4,2004,9,22,0,1,9
6133,9,2004,9,21,0,22,7
6136,8.6,2004,9,21,1,1,9
6137,9,2004,9,21,0,19,7
6139,8.8,2004,9,20,1,1,9
6141,8.4,2004,9,20,1,22,3
6142,8,2004,9,20,1,24,7
6143,8.4,2004,9,20,1,19,3
6147,8.4,2004,9,20,1,23,3
6154,9.5,2004,9,28,0,1,16
6160,8.5,2004,10,8,1,24,6
6165,8.9,2004,9,27,1,19,16
6166,8.5,2004,9,27,1,24,24
6167,9,2004,9,27,0,1,7
6168,8.8,2004,9,27,1,23,16
6169,8.9,2004,9,27,1,22,16
6170,8.6,2004,10,7,1,1,7
6182,8.8,2004,9,24,1,1,9
6198,8.6,2004,10,5,1,19,7
6199,9.1,2004,9,23,0,19,1
6201,8.3,2004,9,22,1,24,43
6206,8.8,2004,10,11,1,24,7
6207,9.1,2004,10,11,0,23,1
6213,9,2004,10,5,0,1,14
6235,8.4,2004,10,18,1,24,1
6238,9.6,2004,11,5,0,19,6
6262,9,2004,10,13,0,1,1
6276,9,2004,11,11,0,19,33
6277,9.1,2004,11,10,0,24,1
6279,8.5,2004,11,10,1,19,5
6280,8.9,2004,11,10,1,1,16
6289,8.2,2004,11,8,1,24,30
6295,9.8,2004,11,8,0,22,14
6297,8.5,2004,11,8,1,23,21
6298,9.8,2004,11,7,0,22,14
6306,8.4,2004,11,15,1,24,10
6308,9.7,2004,11,15,0,1,14
6312,8.8,2004,11,12,1,23,44
6313,9.1,2004,11,12,0,22,11
6315,9.5,2004,11,12,0,23,2
6316,9,2004,11,12,0,19,11
6317,9.1,2004,11,12,0,1,11
6319,8,2004,11,12,1,24,7
6322,9,2004,11,11,0,23,33
6325,9.2,2004,10,27,0,19,11
6329,8.5,2004,10,26,1,21,6
6330,9.2,2004,10,26,0,22,13
6337,9.3,2004,10,25,0,19,19
6339,9.9,2004,10,25,0,19,2
6358,8.9,2004,11,20,1,5,0
6361,8.5,2004,11,1,1,22,8
6378,9.6,2004,10,28,0,19,6
6383,8.5,2004,10,27,1,1,24
6391,9.1,2004,11,19,0,1,11
6392,9.2,2004,11,19,0,1,2
6396,8.8,2004,11,18,1,22,7
6412,8.8,2004,11,18,1,19,7
6416,9.6,2004,11,16,0,19,6
6419,8.3,2004,11,16,1,22,5
6421,8.8,2004,11,16,1,22,14
6423,8.5,2004,11,15,1,22,5
6425,8.5,2004,11,30,1,21,46
6426,8.1,2004,11,30,1,24,7
6431,8.5,2004,11,29,1,1,1
6432,8.2,2004,11,24,1,24,7
6433,8,2004,11,24,1,24,7
6434,8.5,2004,11,24,1,19,2
6435,8.6,2004,11,24,1,23,2
6436,8.7,2004,11,24,1,22,2
6450,9,2004,12,8,0,24,6
6458,8.6,2004,12,3,1,24,11
6459,9.3,2004,12,3,0,22,1
6460,8.6,2004,12,3,1,19,20
6462,8.5,2004,12,3,1,24,6
6469,8.9,2004,12,21,1,23,21
6478,8.6,2004,12,1,1,1,2
6480,8.5,2004,11,30,1,21,46
6481,8.2,2004,12,15,1,24,14
6486,8.8,2004,12,14,1,1,14
6492,9.1,2004,12,10,0,1,1
6499,8.8,2004,12,8,1,24,6
6505,8.5,2005,1,10,1,24,8
6506,9,2005,1,10,0,21,2
6507,9.1,2005,1,10,0,22,14
6508,9.1,2005,1,10,0,19,14
6511,9.8,2005,1,7,0,23,2
6512,8.7,2005,1,7,1,1,9
6522,8.9,2004,12,22,1,22,6
6523,8.9,2004,12,21,1,22,21
6524,8.9,2004,12,21,1,19,21
6528,8,2005,2,2,1,24,11
6530,9.4,2005,2,1,0,22,7
6531,9.4,2005,2,1,0,19,7
6537,8.8,2005,1,24,1,22,2
6550,9.5,2005,2,22,0,19,11
6555,8.7,2005,2,19,1,26,6
6556,8.8,2005,2,18,1,22,14
6559,8.8,2005,2,18,1,19,14
6567,9.2,2005,2,16,0,1,32
6573,8.3,2005,2,14,1,26,3
6575,8.1,2005,2,11,1,24,7
6579,8.5,2005,2,11,1,5,18
6580,8.9,2005,2,10,1,21,11
6586,8.7,2005,2,8,1,1,1
6598,8.8,2005,2,4,1,24,7
6600,9.4,2005,2,3,0,23,21
6602,9.4,2005,2,3,0,19,21
6603,9.4,2005,2,3,0,22,21
6604,9.3,2005,3,1,0,22,14
6605,8.8,2005,3,1,1,1,7
6607,8.5,2005,2,28,1,1,24
6608,8.9,2005,2,26,1,24,6
6609,9.2,2005,2,25,0,23,7
6610,9.3,2005,2,25,0,19,13
6611,9.3,2005,2,25,0,19,13
6614,8.5,2005,2,25,1,22,7
6615,8.5,2005,2,25,1,19,7
6616,9.6,2005,2,25,0,19,6
6617,9,2005,2,24,0,22,7
6619,9.2,2005,2,24,0,19,7
6621,9.2,2005,2,24,0,22,7
6622,9,2005,2,24,0,19,7
6628,8.6,2005,3,17,1,19,14
6630,8.5,2005,3,17,1,22,6
6631,9.1,2005,3,17,0,27,11
6632,8,2005,3,16,1,24,6
6637,8.7,2005,3,15,1,19,7
6640,9.1,2005,3,15,0,1,14
6642,8.5,2005,3,14,1,1,9
6644,9.3,2005,3,14,0,22,11
6645,9.3,2005,3,14,0,19,11
6648,8.8,2005,3,11,1,5,6
6649,9.2,2005,3,11,0,24,10
6650,8.5,2005,3,11,1,24,10
6651,8.8,2005,3,11,1,23,22
6652,8.4,2005,3,11,1,24,6
6653,8.5,2005,3,10,1,1,9
6657,8.6,2005,3,8,1,27,17
6668,9,2005,3,3,0,1,1
6692,8.7,2005,3,18,1,27,7
6693,8.9,2005,3,18,1,19,14
6694,9,2005,3,18,0,22,14
6695,8.8,2005,3,18,1,23,14
6696,9.3,2005,3,18,0,27,15
6697,9.8,2005,3,18,0,19,2
6698,8.8,2005,3,18,1,1,24
6709,8.9,2005,3,25,1,24,7
6711,8.8,2005,3,25,1,1,9
6719,9.6,2005,3,23,0,22,2
6720,9.6,2005,3,23,0,1,2
6727,8.8,2005,4,20,1,24,9
6736,9.3,2005,4,15,0,22,14
6737,8.8,2005,4,15,1,24,24
6747,9.2,2005,4,11,0,22,11
6748,9.2,2005,4,11,0,19,11
6749,9.9,2005,4,8,0,22,1
6750,8.9,2005,4,8,1,24,7
6752,8.8,2005,4,6,1,24,2
6755,8.5,2005,4,6,1,24,10
6760,8.5,2005,4,5,1,23,6
6765,9.3,2005,4,3,0,22,14
6770,9,2005,3,30,0,1,14
6779,8.2,2005,4,29,1,24,4
6783,8.2,2005,4,27,1,24,10
6790,8.9,2005,4,25,1,1,9
6794,8.7,2005,4,22,1,22,0
6795,8.5,2005,4,21,1,19,14
6817,8.8,2005,5,4,1,27,21
6820,9.5,2005,5,3,0,22,32
6821,8,2005,5,3,1,24,6
6823,8.7,2005,5,2,1,1,0
6825,8,2005,6,10,1,24,47
6827,9,2005,6,10,0,5,6
6830,8.5,2005,6,1,1,1,9
6840,8.9,2005,6,9,1,24,10
6842,9.5,2005,6,7,0,22,2
6843,8.2,2005,6,7,1,24,10
6850,8.2,2005,5,25,1,24,17
6852,8.5,2005,5,24,1,21,20
6853,8.9,2005,6,19,1,1,14
6856,8.8,2005,6,16,1,26,2
6860,9.3,2005,6,7,0,1,2
6872,9,2005,5,11,0,1,1
6873,9.5,2005,5,11,0,21,6
6886,9.1,2005,6,1,0,24,10
6897,8.5,2005,6,14,1,1,32
6902,8.5,2005,6,13,1,24,4
6913,9,2005,6,24,0,5,10
6916,8.6,2005,6,21,1,19,0
6919,8,2005,6,20,1,24,24
6928,8,2005,7,13,1,24,11
6931,9.2,2005,7,11,0,22,7
6933,9.2,2005,7,11,0,19,7
6934,8.2,2005,7,8,1,24,7
6938,9.2,2005,7,8,0,22,2
6940,8.9,2005,7,6,1,24,7
6941,9,2005,7,6,0,22,14
6948,8.2,2005,6,29,1,24,10
6949,9,2005,6,29,0,24,43
6950,8.5,2005,8,3,1,22,14
6975,8.6,2005,8,15,1,24,13
6976,8.5,2005,8,15,1,21,1
6977,8.5,2005,8,15,1,23,7
6991,8.5,2005,8,9,1,1,9
6997,8.8,2005,8,5,1,19,7
6998,8.7,2005,8,5,1,24,6
6999,8.8,2005,8,5,1,22,7
7009,8.8,2005,8,22,1,1,7
7015,9,2005,8,19,0,5,9
7024,8.5,2005,8,15,1,1,1
7027,8.5,2005,9,1,1,22,11
7028,8.5,2005,9,1,1,19,11
7037,9.4,2005,9,19,0,22,6
7045,8.5,2005,9,9,1,1,7
7053,8.9,2005,8,26,1,22,11
7055,8.8,2005,9,21,1,1,4
7056,8.5,2005,9,21,1,1,3
7059,8.5,2005,9,21,1,19,3
7061,8.7,2005,9,16,1,1,3
7066,8.5,2005,9,9,1,23,7
7070,9,2005,9,8,0,24,48
7074,8.5,2005,9,8,1,19,7
7082,8.5,2005,9,21,1,22,3
7088,8.8,2005,9,14,1,23,6
7096,8.9,2005,9,8,1,22,11
7097,8.5,2005,9,8,1,22,7
7098,8.9,2005,9,8,1,19,11
7099,8.7,2005,9,7,1,19,7
7100,8.7,2005,9,7,1,22,7
7102,9,2005,9,7,0,24,49
7113,8.5,2005,9,13,1,27,11
7116,8.5,2005,9,6,1,24,7
7119,9,2005,9,19,0,24,1
7123,8.5,2005,9,19,1,1,9
7128,8.4,2005,9,30,1,1,6
7131,8.8,2005,9,29,1,1,9
7136,8.8,2005,9,28,1,1,9
7141,9,2005,9,23,0,19,7
7142,9,2005,9,23,0,22,7
7151,9,2005,9,26,0,22,14
7156,9,2005,9,23,0,23,7
7158,8.4,2005,9,22,1,23,6
7167,8.2,2005,9,22,1,24,8
7170,8.4,2005,9,22,1,22,6
7175,8.8,2005,10,10,1,19,7
7176,8.8,2005,10,10,1,23,7
7179,9,2005,10,7,0,19,14
7189,8.8,2005,10,14,1,1,9
7195,9.3,2005,10,4,0,5,2
7196,8.8,2005,10,4,1,1,14
7204,8.5,2005,10,13,1,24,6
7206,8.3,2005,10,12,1,24,7
7213,9.2,2005,10,12,0,1,14
7220,9,2005,10,10,0,24,6
7223,8.8,2005,10,10,1,22,7
7225,8.5,2005,11,1,1,22,14
7240,8,2005,10,31,1,24,4
7246,8.5,2005,10,18,1,23,7
7247,8.5,2005,10,18,1,22,7
7249,8.9,2005,10,29,1,24,25
7257,8.5,2005,10,18,1,19,7
7260,9.2,2005,10,18,0,24,7
7261,9,2005,10,24,0,27,6
7267,8.1,2005,10,28,1,26,11
7270,8.5,2005,10,27,1,23,24
7273,8.5,2005,10,18,1,19,14
7275,8.5,2005,10,18,1,22,14
7284,9.5,2005,10,21,0,19,2
7289,8.5,2005,10,27,1,19,24
7292,8.7,2005,10,17,1,19,6
7293,9.7,2005,10,17,0,19,4
7295,8.7,2005,10,17,1,22,6
7296,8,2005,10,14,1,24,6
7298,8.7,2005,10,14,1,23,20
7304,9.4,2005,10,21,0,1,9
7306,9,2005,10,21,0,21,6
7308,8.8,2005,10,27,1,19,6
7311,8.5,2005,10,27,1,22,24
7322,8.5,2005,10,25,1,19,13
7324,8.5,2005,10,25,1,1,14
7325,8.5,2005,11,9,1,19,7
7326,8.5,2005,11,8,1,5,6
7340,8.4,2005,11,7,1,24,6
7358,9.2,2005,11,4,0,19,26
7372,9.2,2005,11,2,0,19,5
7375,9.4,2005,11,11,0,22,14
7378,9,2005,11,11,0,5,6
7379,9.5,2005,11,11,0,5,11
7381,8.3,2005,11,11,1,19,2
7382,8.5,2005,11,10,1,23,11
7383,8.5,2005,11,10,1,19,11
7386,8.5,2005,11,10,1,1,11
7399,8.8,2005,11,15,1,2,11
7402,8.5,2005,11,9,1,22,11
7405,8.8,2005,11,14,1,24,43
7406,9,2005,11,14,0,1,7
7412,8.3,2005,11,14,1,23,2
7416,8.4,2005,11,14,1,24,4
7421,8.6,2005,11,11,1,24,0
7424,8.3,2005,11,11,1,22,2
7433,8.6,2005,11,21,1,24,6
7439,9.6,2005,11,18,0,19,2
7443,8.9,2005,11,18,1,24,6
7447,8.7,2005,11,17,1,2,6
7457,8.9,2005,11,16,1,24,7
7460,9,2005,11,16,0,19,1
7463,8,2005,12,2,1,24,6
7466,8.8,2005,11,16,1,5,7
7474,9,2005,11,15,0,2,14
7478,9,2005,11,28,0,5,1
7486,8.8,2005,12,1,1,22,6
7497,8,2005,11,28,1,26,13
7500,8.8,2005,12,1,1,23,6
7506,8.8,2005,12,1,1,24,9
7507,8.8,2005,12,1,1,19,2
7516,8.8,2005,11,30,1,5,47
7535,9,2005,12,6,0,24,10
7539,8.8,2005,12,5,1,5,4
7549,8.7,2005,12,2,1,24,11
7557,8.9,2006,1,3,1,24,10
7558,9,2005,12,28,0,2,13
7559,8.6,2005,12,23,1,24,0
7563,8.6,2005,12,14,1,21,1
7568,8.5,2005,12,14,1,24,7
7581,9,2005,12,12,0,1,6
7585,9.1,2005,12,15,0,24,11
7591,8,2006,1,18,1,26,9
7593,8.7,2005,12,12,1,27,26
7598,9,2005,12,9,0,21,21
7626,8.7,2006,2,14,1,19,11
7628,8.2,2006,2,14,1,24,7
7629,8.7,2006,2,14,1,22,11
7636,9,2006,2,10,0,24,6
7640,8.2,2006,2,3,1,23,10
7662,8.8,2006,2,6,1,22,7
7664,8.8,2006,2,6,1,19,7
7671,8.5,2006,2,17,1,2,7
7682,8.7,2006,1,30,1,24,4
7691,8.3,2006,2,27,1,24,10
7694,8.7,2006,2,24,1,1,11
7705,9,2006,1,24,0,19,6
7711,8.5,2006,3,7,1,1,14
7728,8.9,2006,3,6,1,2,11
7730,8.5,2006,3,6,1,24,6
7733,8.8,2006,3,3,1,19,6
7735,8.6,2006,2,22,1,22,14
7737,8.7,2006,2,22,1,19,14
7742,9,2006,3,2,0,1,9
7747,8.9,2006,2,28,1,24,24
7753,9,2006,3,21,0,5,2
7773,9,2006,3,15,0,5,10
7781,8.8,2006,3,13,1,19,11
7782,8.8,2006,3,13,1,22,11
7784,9.3,2006,3,10,0,27,14
7796,9.8,2006,3,10,0,19,6
7798,9.8,2006,3,10,0,19,6
7799,9,2006,3,9,0,27,0
7800,8.3,2006,3,9,1,24,47
7808,9.3,2006,3,24,0,2,1
7815,9.2,2006,3,7,0,2,14
7817,9.3,2006,3,24,0,1,1
7824,8.7,2006,3,7,1,1,9
7840,8.5,2006,4,11,1,1,6
7843,8.5,2006,3,31,1,1,14
7853,8.8,2006,4,21,1,19,19
7854,9,2006,5,5,0,24,6
7861,8,2006,4,11,1,24,25
7866,8.9,2006,3,30,1,24,7
7881,8.4,2006,5,3,1,24,1
7889,8,2006,4,27,1,24,18
7900,8.1,2006,5,22,1,24,43
7925,8.5,2006,5,22,1,1,1
7934,9.5,2006,4,13,0,24,6
7943,8.9,2006,4,25,1,24,43
7946,8,2006,5,17,1,24,6
7947,8.6,2006,5,17,1,1,4
7949,9.5,2006,5,6,0,5,0
7987,8.5,2006,5,26,1,27,11
7993,8.5,2006,6,1,1,1,14
7994,8.5,2006,6,1,1,19,32
8031,8.3,2006,8,3,1,1,11
8042,8.7,2006,7,17,1,22,7
8043,8.5,2006,7,17,1,27,1
8053,8,2006,6,20,1,1,9
8060,8.5,2006,6,29,1,24,10
8068,8.4,2006,7,25,1,24,3
8070,8.7,2006,7,17,1,19,7
8076,8.3,2006,7,31,1,22,11
8077,8.3,2006,7,31,1,19,11
8080,8.9,2006,7,28,1,24,6
8095,8,2006,6,27,1,24,14
8108,9,2006,7,10,0,2,14
8109,9,2006,7,10,0,1,14
8110,9.1,2006,7,10,0,24,7
8126,9.2,2006,7,20,0,27,13
8127,8,2006,7,19,1,24,10
8147,8,2006,6,21,1,24,24
8151,8.5,2006,8,22,1,2,7
8157,8.9,2006,9,8,1,24,10
8161,8.2,2006,8,22,1,24,7
8169,8,2006,8,30,1,24,47
8176,8.4,2006,9,7,1,22,2
8182,8.4,2006,9,7,1,19,2
8192,8.5,2006,8,29,1,19,20
8194,8.5,2006,8,28,1,2,2
8195,8.6,2006,8,28,1,27,6
8199,8.4,2006,9,7,1,2,2
8200,8.4,2006,9,7,1,23,2
8202,8,2006,9,6,1,24,7
8206,8,2006,8,8,1,24,7
8216,9,2006,9,5,0,27,17
8228,8.5,2006,10,10,1,5,43
8230,8.5,2006,10,10,1,27,7
8232,8.5,2006,10,9,1,1,7
8233,8.5,2006,10,9,1,19,13
8234,8.5,2006,10,9,1,22,7
8235,8.5,2006,10,9,1,22,13
8236,8.5,2006,10,9,1,19,7
8240,8.5,2006,10,9,1,27,17
8241,8.5,2006,10,9,1,19,13
8243,8.7,2006,10,9,1,1,9
8245,8.7,2006,10,6,1,22,6
8250,8.5,2006,9,26,1,19,1
8261,8.5,2006,9,18,1,5,1
8266,8.7,2006,10,6,1,19,6
8267,8.5,2006,10,6,1,19,7
8269,8.7,2006,10,6,1,1,6
8270,8.7,2006,10,6,1,1,6
8271,8.5,2006,10,6,1,22,7
8274,8.7,2006,10,6,1,19,6
8282,8.3,2006,9,21,1,24,50
8285,8.9,2006,9,12,1,2,7
8287,8.7,2006,9,11,1,2,7
8314,9.4,2006,9,11,0,1,9
8323,9.1,2006,9,15,0,19,4
8360,8.4,2006,10,23,1,27,14
8365,8.9,2006,10,16,1,19,6
8373,8.5,2006,10,20,1,1,9
8376,8.7,2006,10,20,1,27,19
8381,8,2006,10,13,1,24,11
8383,8.5,2006,10,13,1,2,7
8397,9.2,2006,10,18,0,1,32
8407,9,2006,10,17,0,2,6
8408,8.7,2006,10,17,1,1,4
8410,8.5,2006,10,17,1,24,6
8421,8.9,2006,10,16,1,19,6
8422,9,2006,10,16,0,27,6
8424,8.8,2006,10,16,1,5,47
8428,8.5,2006,11,3,1,1,1
8429,9.5,2006,11,3,0,19,5
8439,8.8,2006,11,9,1,22,14
8441,8.2,2006,11,9,1,24,6
8442,8.8,2006,11,8,1,2,14
8446,8.7,2006,11,1,1,19,2
8447,9.5,2006,11,1,0,5,22
8449,9,2006,11,1,0,22,2
8455,9,2006,10,30,0,27,6
8467,8.6,2006,11,14,1,6,7
8479,9.5,2006,10,27,0,19,1
8481,9.5,2006,10,27,0,19,1
8488,9.4,2006,11,7,0,2,14
8490,9,2006,11,7,0,27,17
8497,8.8,2006,11,10,1,1,9
8498,9.1,2006,11,10,0,6,14
8513,8.5,2006,11,10,1,2,47
8514,9.5,2006,11,10,0,24,6
8532,8.7,2006,10,25,1,5,7
8533,8,2006,10,25,1,24,10
8539,9.1,2006,10,25,0,2,14
8545,8.5,2006,10,24,1,1,9
8558,8.6,2006,11,15,1,19,45
8568,8.4,2006,11,14,1,28,6
8593,8.5,2006,11,17,1,6,7
8594,9.5,2006,11,17,0,28,2
8598,8.5,2006,11,17,1,28,7
8607,8.5,2006,11,22,1,21,3
8609,9.3,2006,11,16,0,2,14
8611,8.3,2006,11,16,1,28,18
8619,8.3,2006,11,21,1,28,13
8621,8.3,2006,11,21,1,19,13
8630,8.8,2006,12,1,1,24,7
8636,8.5,2006,12,1,1,28,6
8640,10,2006,12,8,2,24,10
8686,8.9,2006,12,5,1,5,2
8703,9,2006,12,11,0,28,6
8714,8.1,2006,11,27,1,24,18
8717,9,2006,12,4,0,27,6
8720,8.5,2006,12,1,1,29,17
8733,8.3,2006,12,11,1,28,6
8741,9,2006,11,22,0,1,6
8747,9,2006,12,11,0,30,6
8755,9.5,2006,12,15,0,23,2
8761,8.5,2006,12,8,1,5,2
8785,8.5,2007,1,8,1,21,1
8787,8.5,2007,1,5,1,2,6
8788,8,2007,1,5,1,24,6
8806,8,2007,1,3,1,24,24
8821,8.5,2006,12,19,1,27,45
8827,8.5,2007,2,5,1,28,0
8828,8.6,2007,2,5,1,19,7
8829,8.5,2007,2,5,1,27,7
8833,8.7,2007,1,31,1,19,1
8838,8.8,2007,1,30,1,1,1
8840,8.5,2007,1,30,1,1,37
8847,8.5,2007,1,26,1,24,43
8848,8.5,2007,1,26,1,2,9
8850,9,2007,2,16,0,1,9
8852,8.5,2007,2,16,1,24,11
8856,9,2007,2,15,0,21,1
8864,9,2007,2,14,0,28,2
8872,9.7,2007,2,12,0,19,2
8874,9,2007,2,12,0,1,9
8884,9,2007,2,9,0,27,6
8886,8,2007,1,17,1,24,9
8892,8.7,2007,1,16,1,24,6
8925,8,2007,1,11,1,28,6
8927,8.5,2007,1,24,1,1,9
8940,9,2007,1,22,0,27,2
8942,9.5,2007,1,22,0,28,2
8959,9.5,2007,2,20,0,28,0
8965,8.5,2007,3,1,1,2,51
8968,9.5,2007,2,20,0,31,0
8969,8.5,2007,2,20,1,32,0
8970,8.8,2007,2,20,1,6,13
8973,8.5,2007,2,20,1,28,0
8981,10,2007,2,26,2,28,2
8985,8.4,2007,2,28,1,28,7
8991,8.6,2007,2,19,1,1,1
8992,8.8,2007,2,16,1,2,7
8995,8.8,2007,2,16,1,6,21
8996,8,2007,2,16,1,24,11
9000,8.2,2007,2,23,1,24,11
9005,8.9,2007,2,28,1,6,11
9006,8.5,2007,2,28,1,19,7
9022,8.7,2007,2,27,1,2,5
9026,9.1,2007,3,7,0,2,14
9027,8.5,2007,3,7,1,27,11
9030,9,2007,3,6,0,28,0
9072,8,2007,3,12,1,24,6
9084,8.8,2007,3,21,1,1,24
9087,8.9,2007,3,20,1,1,24
9093,8.5,2007,3,20,1,21,6
9096,8.1,2007,3,20,1,24,11
9115,9.2,2007,3,26,0,6,1
9116,9,2007,4,2,0,24,17
9121,9.4,2007,3,30,0,2,5
9123,8.5,2007,3,26,1,1,9
9125,8,2007,3,23,1,24,24
9127,9,2007,3,22,0,2,2
9130,8.9,2007,3,29,1,5,17
9132,9,2007,3,29,0,27,17
9143,8.4,2007,3,21,1,28,52
9145,8.5,2007,3,27,1,1,1
9155,8.5,2007,4,25,1,6,6
9159,8.5,2007,4,23,1,32,14
9160,8.5,2007,4,23,1,28,14
9162,8.5,2007,4,20,1,5,1
9164,8.5,2007,4,20,1,5,1
9177,9,2007,4,18,0,28,7
9179,8.5,2007,4,18,1,24,17
9192,8.9,2007,4,5,1,28,6
9193,8.5,2007,4,5,1,24,7
9202,8.5,2007,4,11,1,28,19
9239,8.1,2007,5,18,1,24,24
9245,8.4,2007,5,4,1,24,24
9278,8.3,2007,5,14,1,24,10
9279,9,2007,5,14,0,28,6
9280,9,2007,5,14,0,31,6
9287,8,2007,4,30,1,24,6
9291,8.5,2007,5,24,1,24,10
9293,8.8,2007,5,24,1,19,1
9298,8.5,2007,5,29,1,28,6
9302,8.6,2007,5,11,1,1,1
9303,8.5,2007,4,30,1,28,2
9319,8.8,2007,5,29,1,28,0
9326,8.8,2007,5,29,1,32,0
9339,8.9,2007,5,29,1,2,32
9365,9,2007,6,1,0,5,10
9375,8,2007,6,15,1,24,53
9381,8.6,2007,6,11,1,2,6
9385,8.9,2007,5,31,1,27,10
9393,8,2007,6,12,1,24,30
9398,8.5,2007,6,8,1,28,6
9399,8.4,2007,6,8,1,2,11
9408,8,2007,6,11,1,24,10
9410,8.5,2007,6,11,1,28,0
9415,8,2007,6,5,1,24,0
9422,8.5,2007,6,4,1,28,2
9427,8.7,2007,7,2,1,6,14
9431,8.9,2007,6,29,1,24,10
9437,9.3,2007,6,29,0,6,6
9440,8.4,2007,6,29,1,1,11
9454,8.5,2007,7,6,1,24,6
9470,8.5,2007,7,5,1,28,0
9475,9,2007,6,27,0,24,6
9477,8.7,2007,6,27,1,6,14
9479,9,2007,7,20,0,28,1
9494,8.4,2007,7,19,1,2,6
9505,8.8,2007,6,22,1,24,11
9511,8.8,2007,7,18,1,24,43
9540,9,2007,6,19,0,28,6
9551,8.5,2007,7,31,1,28,20
9553,8.3,2007,7,27,1,28,7
9557,8.9,2007,7,26,1,1,9
9576,9,2007,8,13,0,27,20
9578,8,2007,8,13,1,28,2
9585,9.5,2007,8,10,0,24,18
9586,8,2007,8,10,1,28,29
9587,8,2007,8,10,1,31,10
9592,8,2007,8,9,1,24,43
9599,9,2007,8,7,0,28,11
9600,8,2007,8,3,1,24,4
9624,9,2007,7,31,0,5,10
9625,9.7,2007,8,16,0,2,14
9626,9.7,2007,8,16,0,2,14
9632,8.5,2007,8,15,1,24,24
9648,8.5,2007,8,13,1,28,7
9649,8.7,2007,8,13,1,2,7
9650,8.5,2007,8,28,1,2,7
9653,8.5,2007,8,28,1,6,7
9657,9.5,2007,8,27,0,28,2
9661,8,2007,8,22,1,24,7
9667,9.5,2007,8,20,0,28,2
9668,9.7,2007,8,17,0,1,14
9669,9.7,2007,8,17,0,1,14
9671,8.4,2007,8,17,1,5,1
9672,8,2007,8,17,1,24,6
9680,8.7,2007,8,31,1,5,9
9687,8.5,2007,8,30,1,6,10
9690,8.5,2007,8,29,1,2,10
9698,8.8,2007,8,28,1,6,19
9700,9,2007,9,7,0,2,7
9703,8.5,2007,9,7,1,24,9
9704,9.3,2007,9,7,0,1,9
9706,8.8,2007,9,7,1,6,7
9714,8.4,2007,9,6,1,6,11
9732,8.5,2007,9,11,1,2,7
9733,9,2007,9,11,0,28,0
9736,8,2007,9,11,1,24,7
9741,8.6,2007,9,10,1,6,7
9742,8.9,2007,9,10,1,2,7
9768,8.5,2007,9,14,1,19,13
9774,9,2007,9,13,0,24,53
9776,8,2007,9,25,1,24,54
9777,9,2007,9,25,0,5,2
9784,9.5,2007,9,23,0,2,14
9801,9,2007,10,1,0,27,20
9805,8.8,2007,9,28,1,1,9
9820,9.5,2007,9,25,0,2,14
9823,9.5,2007,9,25,0,2,14
9832,8.5,2007,10,3,1,28,0
9839,8.4,2007,10,8,1,19,21
9840,9,2007,10,3,0,6,4
9843,9.5,2007,10,2,0,27,14
9849,8.4,2007,10,8,1,28,21
9851,8,2007,10,8,1,24,6
9853,8.5,2007,10,2,1,1,14
9856,9,2007,10,2,0,28,14
9857,8.5,2007,10,1,1,24,9
9858,8.5,2007,10,1,1,2,11
9864,8.2,2007,10,5,1,24,10
9887,9,2007,10,11,0,2,10
9891,8.5,2007,10,15,1,31,6
9893,8.5,2007,10,15,1,28,6
9903,8.5,2007,10,10,1,24,24
9906,8.9,2007,10,9,1,1,14
9916,8.5,2007,10,16,1,2,14
9918,9,2007,10,15,0,24,24
9920,8.5,2007,10,15,1,1,1
9921,9.5,2007,10,9,0,1,55
9922,9.4,2007,10,9,0,1,14
9925,9.5,2007,10,9,0,2,39
9945,8,2007,10,11,1,24,6
9957,9,2007,10,22,0,28,4
9967,8.5,2007,10,29,1,1,1
9973,8.4,2007,10,19,1,28,13
9976,8.4,2007,10,19,1,2,19
9986,8.4,2007,10,29,1,2,4
9987,8.9,2007,10,28,1,6,5
9988,8.9,2007,10,28,1,2,5
10000,9.4,2007,10,23,0,6,6
10055,9,2007,10,30,0,27,20
10058,9,2007,10,30,0,2,13
10069,8.6,2007,10,29,1,28,5
10088,9.4,2007,11,5,0,1,14
10089,9.4,2007,11,5,0,2,14
10091,8,2007,11,5,1,24,6
10095,9.4,2007,11,5,0,6,14
10100,8.4,2007,11,8,1,28,14
10103,8.5,2007,11,8,1,29,14
10105,8.5,2007,11,8,1,28,14
10107,8.4,2007,11,8,1,27,14
10110,8.5,2007,11,7,1,1,11
10115,8.7,2007,11,7,1,1,14
10121,9.7,2007,11,7,0,28,0
10123,9.1,2007,11,13,0,6,2
10124,8.9,2007,11,12,1,24,14
10126,9.4,2007,11,12,0,1,14
10129,9.5,2007,11,12,0,28,0
10138,8.6,2007,11,9,1,1,9
10150,8.7,2007,11,20,1,2,14
10154,8,2007,11,19,1,24,6
10155,9.4,2007,11,19,0,2,1
10157,9.4,2007,11,19,0,2,1
10165,8.5,2007,11,16,1,28,24
10166,9.4,2007,11,16,0,2,5
10174,9.4,2007,11,16,0,6,5
10177,8.3,2007,11,21,1,5,20
10180,8.5,2007,11,14,1,24,6
10184,8.5,2007,11,13,1,1,5
10188,9.4,2007,11,16,0,6,5
10195,9.4,2007,11,16,0,2,5
10201,9,2007,11,21,0,1,14
10260,8.5,2007,11,26,1,27,14
10268,8.5,2007,12,5,1,24,10
10273,8,2007,11,26,1,24,10
10274,8,2007,11,26,1,24,47
10293,8.5,2007,12,3,1,24,1
10316,8.5,2007,12,7,1,24,6
10334,9.5,2007,11,29,0,6,2
10335,9.5,2007,11,29,0,27,2
10342,9.4,2007,11,28,0,2,14
10352,8.5,2008,1,4,1,28,0
10353,8.5,2008,1,4,1,32,0
10370,9,2007,12,21,0,33,10
10387,8,2008,1,8,1,24,6
10396,8.5,2008,1,7,1,31,4
10397,8.5,2008,1,7,1,28,2
10400,8.8,2008,1,16,1,2,11
10402,8.8,2008,1,16,1,6,11
10435,8,2007,12,12,1,24,24
10461,8.6,2008,1,29,1,2,14
10463,8.6,2008,1,21,1,5,9
10470,8,2008,1,17,1,24,6
10473,8.5,2008,1,29,1,28,7
10474,8.5,2008,1,29,1,6,9
10489,9,2008,1,25,0,34,0
10507,8.5,2008,2,4,1,30,6
10509,8.7,2008,2,4,1,6,6
10510,8.7,2008,2,4,1,2,6
10537,8,2007,12,17,1,33,50
10548,9,2007,12,13,0,6,14
10550,8.7,2008,2,7,1,6,6
10552,8.7,2008,2,7,1,2,6
10554,9,2008,2,7,0,24,9
10559,8.5,2008,2,6,1,1,6
10564,8.3,2008,2,6,1,27,10
10579,8.8,2008,2,12,1,27,11
10585,8.5,2008,2,11,1,28,42
10586,8.5,2008,2,11,1,32,42
10587,9,2008,2,11,0,1,4
10597,8,2008,2,7,1,28,13
10600,9.2,2008,2,15,0,27,6
10601,8.9,2008,2,15,1,1,9
10645,8.6,2008,2,27,1,1,22
10657,8.5,2008,2,22,1,2,0
10664,8.7,2008,2,29,1,2,6
10668,8.7,2008,2,29,1,6,7
10681,8.5,2008,2,26,1,33,9
10692,8.8,2008,2,28,1,2,14
10698,9.5,2008,3,4,0,28,13
10699,8.5,2008,3,4,1,35,14
10709,9.4,2008,2,18,0,27,6
10719,8.5,2008,3,4,1,28,14
10748,8.9,2008,3,11,1,6,21
10752,8.5,2008,3,18,1,28,6
10757,8.5,2008,3,18,1,27,3
10759,8.5,2008,3,25,1,24,6
10772,8.6,2008,3,7,1,5,6
10775,8.6,2008,3,17,1,2,7
10787,8.6,2008,3,17,1,28,7
10788,8.6,2008,3,17,1,6,7
10795,8.4,2008,3,19,1,19,7
10799,8.8,2008,3,19,1,19,39
10805,9,2008,4,7,0,2,14
10825,8.8,2008,4,22,1,19,1
10836,10,2008,4,29,2,2,6
10838,10,2008,4,29,2,6,6
10852,9,2008,4,21,0,28,6
10861,9,2008,4,16,0,5,1
10863,8.9,2008,4,16,1,24,24
10874,10,2008,4,25,2,2,2
10884,8.5,2008,4,20,1,28,15
10887,8.5,2008,4,18,1,6,19
10892,8.5,2008,4,15,1,6,11
10893,8.5,2008,4,14,1,34,14
10895,8.7,2008,4,14,1,1,9
10896,8.5,2008,4,14,1,28,14
10897,9,2008,4,11,0,28,4
10901,10,2008,4,25,2,6,2
10913,8.5,2008,4,10,1,24,8
10925,8.5,2008,5,19,1,6,5
10936,8.5,2008,5,12,1,2,6
10965,8.5,2008,5,2,1,27,10
10973,9.1,2008,5,12,0,1,9
10975,8,2008,5,8,1,28,10
10981,8.6,2008,5,2,1,6,10
11003,9,2008,5,28,0,24,7
11005,9.2,2008,5,27,0,1,1
11008,8.5,2008,5,27,1,28,10
11011,8.7,2008,5,26,1,2,6
11014,8.7,2008,5,22,1,2,11
11015,8.5,2008,5,22,1,27,7
11017,8.7,2008,5,22,1,6,11
11023,8.5,2008,5,19,1,6,5
11027,8.5,2008,6,3,1,2,10
11028,8.5,2008,6,13,1,27,14
11031,10,2008,6,12,2,6,6
11081,8.7,2008,6,5,1,1,11
11082,8.5,2008,5,30,1,36,6
11083,8.5,2008,5,30,1,28,6
11117,9,2008,6,13,0,5,14
11121,10,2008,6,13,2,6,6
11147,8.4,2008,6,27,1,5,24
11148,8.5,2008,6,25,1,24,10
11174,9,2008,6,23,0,28,0
11179,9,2008,6,22,0,5,5
11180,9,2008,6,20,0,5,20
11181,8.6,2008,6,20,1,2,14
11183,8.8,2008,7,2,1,6,9
11186,8.5,2008,7,2,1,28,13
11187,8.8,2008,7,2,1,2,9
11192,8.6,2008,6,20,1,6,14
11203,8.7,2008,7,30,1,5,56
11205,8.7,2008,7,29,1,2,13
11206,8.7,2008,7,29,1,2,13
11207,8.7,2008,7,29,1,6,13
11208,8.7,2008,7,29,1,6,13
11225,8.7,2008,7,9,1,5,1
11250,8.5,2008,8,5,1,6,4
11265,8.5,2008,7,3,1,2,14
11268,9.4,2008,8,11,0,2,0
11271,8,2008,8,11,1,28,14
11276,8.5,2008,8,5,1,6,4
11277,8.8,2008,8,4,1,2,0
11287,9.4,2008,8,11,0,6,0
11293,8.6,2008,8,8,1,28,7
11294,9,2008,8,8,0,37,6
11305,8.5,2008,7,11,1,7,10
11317,8.4,2008,7,31,1,6,0
11333,8.5,2008,8,13,1,7,43
11334,9.3,2008,8,13,0,1,0
11339,9.1,2008,8,12,0,2,7
11358,8.8,2008,8,12,1,2,7
11361,8.8,2008,8,12,1,6,7
11365,8.7,2008,8,18,1,37,0
11370,9,2008,8,25,0,5,0
11373,8.5,2008,8,25,1,28,46
11375,8.5,2008,8,25,1,7,10
11378,9.1,2008,8,12,0,6,7
11384,8,2008,8,18,1,28,6
11406,8.8,2008,9,4,1,1,24
11414,8.6,2008,9,15,1,6,11
11415,8.5,2008,9,11,1,19,2
11420,9,2008,9,3,0,7,11
11427,8.5,2008,9,2,1,5,47
11428,9.5,2008,9,2,0,28,1
11429,8.5,2008,9,2,1,2,47
11437,8.6,2008,9,15,1,2,11
11466,8.8,2008,9,8,1,1,24
11474,9,2008,9,12,0,2,5
11483,8.5,2008,9,9,1,7,24
11496,8.6,2008,9,5,1,5,9
11499,9,2008,9,5,0,2,7
11500,9,2008,9,5,0,6,7
11503,9.4,2008,9,12,0,1,14
11516,8.3,2008,8,27,1,28,7
11517,9,2008,8,27,0,2,6
11518,9,2008,8,27,0,6,6
11526,8.6,2008,9,19,1,28,6
11528,8.6,2008,9,19,1,2,6
11529,8.6,2008,9,19,1,6,6
11534,8.4,2008,9,18,1,28,0
11536,8.7,2008,9,26,1,1,9
11540,9,2008,9,23,0,6,11
11563,8.5,2008,9,22,1,28,7
11568,9.5,2008,9,16,0,28,6
11571,8.4,2008,9,25,1,1,10
11573,8.5,2008,9,24,1,2,14
11590,8.5,2008,9,22,1,28,6
11592,8.9,2008,9,22,1,6,25
11597,8.4,2008,9,19,1,28,0
11606,8.4,2008,10,1,1,1,11
11615,9.4,2008,10,15,0,6,14
11618,8.9,2008,9,30,1,2,32
11620,8.5,2008,9,30,1,28,13
11626,8.6,2008,10,14,1,6,7
11627,9.3,2008,10,14,0,6,10
11628,8.6,2008,10,14,1,2,7
11634,8.5,2008,9,29,1,28,6
11646,9.5,2008,10,13,0,6,0
11647,9,2008,10,13,0,32,3
11657,9,2008,10,7,0,28,1
11658,9,2008,10,13,0,28,3
11659,9.5,2008,10,10,0,28,10
11660,8.7,2008,10,10,1,2,2
11661,8.7,2008,10,10,1,6,2
11665,9,2008,10,17,0,6,5
11667,9,2008,10,17,0,2,5
11676,8.5,2008,10,6,1,2,7
11680,9,2008,10,9,0,1,1
11687,8.5,2008,10,16,1,27,7
11692,8.5,2008,10,6,1,7,9
11694,8.5,2008,10,6,1,6,7
11700,8.5,2008,10,9,1,5,13
11704,9,2008,10,9,0,1,1
11725,8.8,2008,10,21,1,6,14
11728,9.2,2008,10,20,0,2,14
11729,8.5,2008,10,20,1,2,11
11731,8.8,2008,10,20,1,2,3
11734,9,2008,10,20,0,28,10
11735,8.5,2008,10,20,1,6,11
11736,9,2008,10,20,0,5,0
11739,9,2008,10,20,0,1,10
11742,9,2008,10,17,0,6,5
11745,8.7,2008,10,23,1,1,2
11749,9.6,2008,10,27,0,2,3
11751,8.7,2008,10,27,1,5,6
11768,9.6,2008,10,27,0,1,3
11771,8.8,2008,10,26,1,28,5
11774,8.8,2008,10,26,1,28,5
11781,8.8,2008,10,21,1,2,14
11787,8.8,2008,10,26,1,28,5
11789,8.6,2008,10,24,1,5,6
11791,8.8,2008,10,21,1,2,3
11795,8.9,2008,10,21,1,1,14
11799,8.7,2008,10,24,1,6,1
11822,8,2008,11,4,1,28,14
11839,9.5,2008,11,3,0,2,14
11851,9.5,2008,11,10,0,28,6
11874,9.5,2008,11,6,0,2,14
11877,9.6,2008,10,28,0,2,3
11879,8.6,2008,10,28,1,6,6
11881,9.6,2008,10,28,0,2,3
11882,9.4,2008,10,28,0,6,3
11899,9.4,2008,10,28,0,6,3
11900,9.5,2008,10,28,0,6,14
11901,9.5,2008,10,28,0,6,14
11902,9.6,2008,10,28,0,1,3
11905,9.4,2008,10,27,0,6,3
11908,8.9,2008,11,7,1,5,9
11935,9.2,2008,11,11,0,6,14
11942,9.2,2008,11,11,0,1,14
11944,9.2,2008,11,11,0,2,14
11959,9.2,2008,11,11,0,2,14
11961,9.2,2008,11,11,0,1,14
11975,9,2008,11,17,0,2,14
11978,9,2008,11,17,0,1,14
12001,8.2,2008,11,21,1,2,24
12002,8.8,2008,11,20,1,5,1
12013,8.5,2008,11,19,1,28,7
12017,8.5,2008,11,19,1,7,10
12034,9,2008,11,25,0,5,31
12072,8.6,2008,11,24,1,5,9
12096,9,2008,11,26,0,1,1
12101,8.7,2008,11,21,1,2,13
12112,9,2008,11,26,0,1,1
12113,9.3,2008,11,26,0,1,0
12115,9.3,2008,11,26,0,2,0
12121,8.7,2008,11,21,1,6,13
12131,8.5,2008,12,5,1,7,4
12152,9.3,2008,12,4,0,6,0
12168,9.3,2008,12,4,0,2,0
12181,8.5,2008,12,3,1,24,5
12197,9.2,2008,12,2,0,1,2
12203,9,2008,12,17,0,28,5
12210,9,2008,12,17,0,28,5
12232,9,2008,12,11,0,7,5
12238,9,2008,12,10,0,7,6
12248,9,2008,12,9,0,19,1
12255,9.3,2008,12,31,0,6,6
12265,8.6,2008,12,15,1,1,4
12269,8.5,2008,12,24,1,7,10
12284,8.5,2008,12,19,1,6,17
12291,8.6,2008,12,15,1,28,4
12300,8.5,2008,12,19,1,6,14
12310,8.5,2008,12,12,1,24,6
12314,9.5,2008,12,18,0,7,10
12356,9,2009,1,12,0,28,6
12357,8.5,2009,1,12,1,7,6
12358,9,2009,1,12,0,31,6
12362,9,2009,1,2,0,30,1
12363,8.5,2009,1,2,1,28,4
12364,8.5,2009,1,2,1,31,4
12365,9,2009,1,2,0,28,1
12367,8.8,2009,1,15,1,1,10
12374,8.5,2009,1,9,1,5,6
12375,9,2009,1,9,0,6,10
12386,8.5,2009,1,13,1,1,2
12408,8.5,2009,1,20,1,7,17
12411,8.5,2009,1,20,1,30,14
12416,8.5,2009,1,20,1,28,14
12417,8.7,2009,1,20,1,5,18
12425,9.4,2009,1,29,0,6,14
12436,8.5,2009,1,27,1,7,10
12451,8,2009,2,6,1,28,6
12458,9.1,2009,2,5,0,27,17
12459,8.3,2009,2,5,1,28,14
12467,9,2009,2,17,0,28,14
12469,9,2009,2,16,0,2,2
12470,8.5,2009,2,16,1,5,9
12494,9,2009,2,12,0,7,7
12509,9,2009,2,12,0,6,45
12510,9,2009,2,12,0,2,45
12512,8.9,2009,2,11,1,5,1
12522,8.6,2009,2,9,1,5,6
12523,9,2009,2,9,0,6,6
12527,8.5,2009,3,2,1,1,10
12529,9.5,2009,2,27,0,1,9
12531,9.5,2009,2,27,0,7,10
12538,8.6,2009,2,23,1,5,17
12548,8.5,2009,2,24,1,7,10
12559,8.4,2009,2,20,1,2,9
12578,8.5,2009,2,19,1,24,6
12579,9.3,2009,2,18,0,6,13
12580,9.3,2009,2,18,0,2,13
12581,9,2009,2,17,0,1,9
12584,9,2009,2,17,0,31,14
12585,8.7,2009,3,3,1,1,9
12590,8.7,2009,3,3,1,6,7
12603,9,2009,3,9,0,2,6
12605,9,2009,3,9,0,28,6
12607,8.4,2009,3,9,1,2,9
12608,9,2009,3,9,0,6,6
12611,9.5,2009,3,6,0,1,9
12612,9,2009,3,6,0,2,6
12617,9,2009,3,6,0,6,6
12622,9,2009,3,5,0,32,20
12623,9,2009,3,5,0,28,9
12627,9,2009,3,13,0,5,4
12628,8.5,2009,3,13,1,7,4
12631,8.5,2009,3,12,1,5,1
12643,9.2,2009,3,10,0,27,14
12646,9,2009,3,10,0,2,10
12654,9,2009,3,31,0,5,5
12655,8.5,2009,3,31,1,1,4
12668,8.9,2009,3,29,1,6,5
12669,8.9,2009,3,29,1,28,5
12670,8.9,2009,3,29,1,2,5
12674,9,2009,3,27,0,1,4
12676,8.5,2009,3,19,1,28,7
12693,8.8,2009,3,17,1,5,1
12698,9.5,2009,3,16,0,5,6
12699,9,2009,3,16,0,1,9
12714,8.5,2009,3,24,1,5,3
12717,8.8,2009,3,22,1,5,1
12726,8.5,2009,4,7,1,2,10
12746,8.4,2009,4,3,1,38,10
12748,8.8,2009,4,13,1,1,0
12763,8.9,2009,4,1,1,7,10
12769,8.5,2009,4,3,1,7,11
12779,8.8,2009,4,8,1,27,0
12787,8.5,2009,4,14,1,19,5
12792,8.5,2009,4,1,1,1,14
12794,8.5,2009,4,1,1,6,14
12810,8.5,2009,4,7,1,6,9
12813,8.9,2009,4,14,1,7,6
12851,8.5,2009,5,6,1,2,3
12856,8.5,2009,5,1,1,7,7
12859,8.5,2009,5,6,1,1,3
12860,9,2009,5,5,0,1,9
12872,8.5,2009,4,29,1,2,6
12890,9.5,2009,4,27,0,27,6
12894,9,2009,5,12,0,7,10
12895,9.2,2009,5,12,0,6,6
12900,8.5,2009,5,11,1,7,4
12915,8.5,2009,5,11,1,6,10
12934,8.5,2009,5,18,1,38,10
12939,8.5,2009,6,12,1,38,6
12944,8.5,2009,6,8,1,28,7
12947,9.5,2009,5,18,0,28,2
12948,9,2009,5,15,0,2,14
12950,8.8,2009,5,15,1,28,7
12952,8.7,2009,5,14,1,28,9
12957,9,2009,5,26,0,7,1
12959,9,2009,6,11,0,7,11
12963,8.9,2009,6,10,1,1,24
12967,9,2009,6,8,0,7,9
12974,8.8,2009,6,1,1,5,20
12975,8.5,2009,6,1,1,7,24
12990,8.5,2009,5,22,1,7,29
12991,9,2009,5,21,0,1,14
12997,9,2009,6,9,0,28,7
13002,9,2009,6,9,0,28,7
13003,8,2009,6,9,1,28,10
13004,8.9,2009,6,1,1,1,24
13028,8.5,2009,5,19,1,28,17
13031,8.9,2009,6,9,1,5,0
13037,8.5,2009,6,15,1,7,9
13052,8.8,2009,6,23,1,2,7
13053,8.8,2009,6,23,1,6,7
13060,8,2009,6,24,1,39,14
13061,8.5,2009,6,24,1,1,3
13063,8.5,2009,6,24,1,2,3
13070,8.6,2009,6,22,1,28,14
13106,8.5,2009,6,16,1,2,6
13110,8,2009,6,24,1,28,14
13129,8.7,2009,6,30,1,5,1
13130,9,2009,6,30,0,7,10
13135,9.4,2009,6,26,0,6,13
13137,8.7,2009,7,14,1,2,4
13142,9.4,2009,6,26,0,2,13
13146,9.4,2009,6,26,0,6,13
13148,9.4,2009,6,26,0,2,13
13149,8.5,2009,7,7,1,6,14
13159,9,2009,7,21,0,6,10
13162,8.5,2009,7,21,1,28,24
13169,9,2009,7,28,0,6,13
13179,8.5,2009,7,10,1,7,34
13206,8.5,2009,7,1,1,2,9
13212,8.5,2009,7,7,1,2,14
13215,9,2009,7,17,0,2,6
13223,8,2009,7,23,1,28,6
13226,8,2009,7,23,1,30,6
13236,8.7,2009,7,15,1,1,4
13237,8.9,2009,7,15,1,1,13
13254,9,2009,8,3,0,6,6
13256,8.5,2009,8,3,1,7,9
13258,9.2,2009,7,31,0,6,11
13263,8.5,2009,8,10,1,28,0
13266,9.4,2009,8,17,0,2,14
13278,8.9,2009,8,7,1,6,7
13281,8.9,2009,8,7,1,2,7
13285,8.9,2009,8,17,1,7,0
13289,8.9,2009,8,14,1,27,3
13292,8.7,2009,7,29,1,7,14
13294,8.7,2009,7,28,1,2,13
13307,9,2009,8,13,0,38,31
13312,8.5,2009,8,12,1,7,1
13328,8.5,2009,8,24,1,5,4
13334,9.5,2009,8,21,0,28,39
13336,9.3,2009,8,21,0,6,6
13337,9.3,2009,8,21,0,2,6
13339,8.5,2009,8,20,1,1,10
13350,9.5,2009,9,18,0,6,2
13351,8.5,2009,9,18,1,6,41
13355,8.5,2009,9,18,1,2,41
13364,9,2009,9,16,0,7,0
13369,8.7,2009,9,15,1,5,17
13377,8.6,2009,9,1,1,2,38
13378,8.9,2009,9,1,1,2,20
13379,8.9,2009,9,1,1,6,5
13380,8.9,2009,9,1,1,2,5
13381,9.3,2009,9,1,0,28,5
13382,8.5,2009,8,31,1,28,1
13384,8.5,2009,8,31,1,34,1
13392,8.5,2009,8,26,1,7,14
13397,9.3,2009,8,25,0,6,6
13398,9.3,2009,8,25,0,2,6
13400,9.5,2009,9,9,0,6,0
13401,8.5,2009,9,8,1,28,6
13407,8.5,2009,9,8,1,32,6
13410,9,2009,9,5,0,6,5
13411,9,2009,9,5,0,2,5
13416,8.7,2009,9,14,1,6,7
13417,8.7,2009,9,14,1,2,7
13423,8.8,2009,10,2,1,7,9
13429,9,2009,9,5,0,28,5
13432,8.9,2009,9,4,1,28,24
13441,9.3,2009,9,11,0,1,6
13442,8.6,2009,9,11,1,6,19
13445,8.5,2009,9,24,1,28,2
13456,8.5,2009,9,28,1,6,3
13459,8.5,2009,9,25,1,7,7
13460,9,2009,10,1,0,27,9
13470,9,2009,9,10,0,2,11
13471,9,2009,9,10,0,6,11
13473,9.3,2009,9,10,0,1,6
13474,9,2009,9,10,0,1,11
13475,9.5,2009,9,10,0,5,3
13478,8.6,2009,9,9,1,27,20
13500,8.5,2009,9,29,1,38,1
13519,8.5,2009,9,21,1,28,10
13523,9,2009,9,19,0,2,14
13534,8.5,2009,10,5,1,31,1
13537,8.5,2009,10,5,1,28,1
13538,8.5,2009,10,5,1,2,7
13540,9.4,2009,10,8,0,2,11
13542,8.5,2009,10,8,1,1,1
13544,9.4,2009,10,8,0,6,1
13546,8.5,2009,10,13,1,7,10
13548,9,2009,10,12,0,2,6
13550,8.5,2009,10,5,1,6,7
13553,8.5,2009,10,5,1,7,6
13557,9,2009,10,2,0,27,11
13559,8.5,2009,10,7,1,2,7
13561,8.5,2009,10,7,1,6,7
13571,9,2009,10,12,0,6,6
13585,8.6,2009,10,6,1,6,10
13587,8.8,2009,10,9,1,27,1
13588,8.5,2009,10,9,1,6,3
13591,8.6,2009,10,9,1,1,1
13600,9,2009,10,26,0,6,5
13601,9,2009,10,26,0,28,5
13602,9,2009,10,26,0,2,5
13603,9,2009,10,26,0,28,5
13607,9,2009,10,26,0,6,5
13612,8.8,2009,10,23,1,6,13
13626,8.8,2009,10,23,1,2,13
13636,8.9,2009,10,20,1,28,4
13642,9.2,2009,10,29,0,2,39
13644,8.5,2009,10,15,1,6,26
13645,8.5,2009,10,15,1,2,26
13646,9.6,2009,10,15,0,2,3
13649,9.6,2009,10,15,0,1,3
13650,9.4,2009,10,15,0,6,3
13652,9,2009,10,14,0,2,7
13664,9.3,2009,10,20,0,27,6
13666,8.5,2009,10,20,1,7,4
13675,9.2,2009,10,28,0,2,2
13685,9,2009,10,14,0,6,7
13697,9,2009,10,20,0,6,0
13702,8.8,2009,10,19,1,2,3
13704,8.8,2009,10,19,1,6,3
13712,8,2009,10,27,1,28,6
13723,8,2009,10,27,1,32,6
13724,9,2009,10,26,0,2,5
13727,8.7,2009,11,3,1,2,1
13729,8.5,2009,11,3,1,28,4
13731,8.7,2009,11,3,1,6,1
13755,9,2009,11,3,0,1,1
13760,9.5,2009,11,10,0,1,14
13761,9.5,2009,11,10,0,6,14
13772,8.7,2009,11,3,1,2,1
13777,9,2009,11,3,0,1,1
13786,9,2009,11,6,0,6,25
13789,8.7,2009,11,3,1,6,1
13791,9,2009,11,6,0,6,25
13811,8.6,2009,11,18,1,1,3
13815,9.2,2009,11,17,0,6,6
13816,9.2,2009,11,17,0,2,6
13818,9,2009,11,17,0,27,0
13822,9,2009,11,16,0,2,14
13826,9,2009,11,23,0,6,17
13833,9,2009,11,16,0,1,14
13837,9,2009,11,23,0,28,11
13849,9.4,2009,11,13,0,6,39
13851,8.9,2009,11,13,1,28,0
13852,8.5,2009,11,13,1,6,0
13857,9,2009,11,20,0,7,15
13877,8.5,2009,11,30,1,7,47
13886,8.5,2009,11,30,1,27,6
13889,9,2009,11,30,0,7,10
13890,8.5,2009,11,26,1,27,13
13910,9.5,2009,11,10,0,6,14
13913,9.5,2009,11,10,0,2,14
13914,9.5,2009,11,10,0,2,14
13915,8.5,2009,11,10,1,2,17
13922,9.5,2009,11,10,0,6,14
13924,9.5,2009,11,10,0,6,14
13946,8.9,2009,12,1,1,5,29
13951,9,2009,12,17,0,7,14
13979,9.1,2009,12,9,0,6,14
13986,9,2009,12,7,0,7,6
13988,9.3,2009,12,7,0,5,2
13993,8.8,2010,1,12,1,2,3
13997,8.6,2009,12,4,1,28,4
14001,9,2009,12,3,0,7,5
14020,8.5,2010,1,8,1,2,14
14031,9,2010,1,4,0,1,1
14032,8.5,2010,1,4,1,7,0
14045,9,2010,1,22,0,28,13
14047,9.6,2010,1,22,0,1,1
14048,9.6,2010,1,22,0,2,1
14049,8.8,2010,1,21,1,28,6
14056,9.5,2009,12,22,0,2,6
14076,9,2010,1,19,0,7,6
14077,8.9,2009,12,18,1,7,11
14102,8.5,2010,2,9,1,7,11
14106,9.6,2010,2,8,0,1,1
14107,9,2010,2,8,0,38,6
14108,9.6,2010,2,8,0,2,1
14110,9.1,2010,2,5,0,2,14
14113,9.1,2010,2,5,0,6,14
14118,8.2,2010,2,5,1,1,14
14120,8,2010,2,4,1,28,13
14123,8.5,2010,2,3,1,38,6
14153,9,2010,2,12,0,7,9
14159,9,2010,2,10,0,6,4
14160,8.5,2010,3,16,1,1,1
14161,8.5,2010,3,16,1,2,1
14162,9,2010,3,16,0,2,14
14164,8.5,2010,3,12,1,5,1
14166,8,2010,2,23,1,38,6
14171,9,2010,2,22,0,28,0
14174,8.9,2010,2,26,1,2,14
14177,8.9,2010,2,26,1,2,14
14178,8.9,2010,2,26,1,6,14
14179,8.9,2010,2,26,1,6,14
14186,8.9,2010,3,3,1,6,7
14192,9.1,2010,2,9,0,1,14
14193,8.9,2010,2,9,1,2,9
14196,8.5,2010,3,12,1,5,1
14210,8.9,2010,2,18,1,1,9
14212,8.5,2010,2,18,1,7,6
14213,8.5,2010,2,18,1,6,1
14217,8.5,2010,2,25,1,38,9
14218,8.5,2010,2,25,1,38,2
14220,8.8,2010,2,24,1,2,9
14223,8.5,2010,3,2,1,1,1
14226,9,2010,3,2,0,7,44
14228,8.5,2010,3,2,1,2,1
14229,8.9,2010,3,2,1,1,14
14232,8.5,2010,3,9,1,6,6
14235,9.3,2010,3,8,0,6,6
14237,8.9,2010,3,8,1,2,1
14238,8.9,2010,3,8,1,6,1
14247,8.8,2010,3,23,1,2,6
14251,8.9,2010,3,2,1,1,14
14262,8.6,2010,3,23,1,28,14
14263,8.8,2010,3,23,1,1,6
14264,8.8,2010,3,23,1,6,6
14270,8.2,2010,3,18,1,27,1
14272,8.5,2010,3,17,1,1,9
14275,9,2010,3,17,0,27,6
14281,8.5,2010,3,19,1,27,10
14284,8.5,2010,3,19,1,28,4
14287,9,2010,3,17,0,6,6
14291,9,2010,3,17,0,2,6
14293,8.5,2010,3,16,1,6,1
14295,8,2010,3,19,1,28,1
14301,8.5,2010,3,30,1,1,24
14305,9,2010,3,30,0,19,9
14317,8.5,2010,3,29,1,5,24
14321,9,2010,3,26,0,28,0
14324,9,2010,3,25,0,5,24
14325,8.2,2010,4,5,1,7,7
14329,9,2010,4,5,0,3,10
14330,9,2010,4,4,0,3,11
14334,8.5,2010,4,3,1,3,0
14337,8.5,2010,5,3,1,3,10
14339,8.5,2010,5,3,1,5,10
14344,8.5,2010,4,2,1,27,14
14360,8.5,2010,4,1,1,5,1
14366,9.3,2010,4,9,0,2,6
14367,9.2,2010,4,9,0,6,39
14384,8.7,2010,4,26,1,6,4
14393,8.8,2010,4,8,1,2,33
14395,8.8,2010,4,8,1,6,33
14432,8.5,2010,4,6,1,3,11
14437,9,2010,4,6,0,28,9
14438,8.5,2010,4,16,1,6,1
14439,9.2,2010,4,16,0,1,39
14440,9,2010,4,16,0,28,9
14444,8.8,2010,4,14,1,28,6
14452,9,2010,5,4,0,2,6
14455,9,2010,4,23,0,2,13
14458,8.5,2010,4,23,1,7,6
14459,9,2010,4,23,0,6,13
14460,8.8,2010,4,23,1,27,0
14466,8,2010,5,10,1,38,13
14473,8,2010,4,13,1,38,11
14480,9,2010,5,4,0,6,11
14484,9,2010,5,3,0,38,0
14487,9,2010,4,21,0,7,1
14488,9,2010,4,21,0,38,6
14513,9.7,2010,5,17,0,2,2
14514,9.7,2010,5,17,0,6,2
14515,8.8,2010,5,14,1,7,44
14525,8.5,2010,6,30,1,28,21
14533,8.5,2010,6,29,1,3,10
14538,8.5,2010,6,29,1,1,2
14540,8.5,2010,6,29,1,28,2
14543,8.5,2010,6,28,1,2,2
14544,8.5,2010,6,28,1,38,17
14545,8.5,2010,6,28,1,6,2
14549,8.9,2010,7,6,1,1,4
14550,8.5,2010,7,6,1,27,1
14556,9.5,2010,6,7,0,27,6
14558,9.5,2010,6,4,0,6,6
14566,9,2010,6,27,0,28,14
14577,9,2010,6,20,0,2,29
14578,8.5,2010,6,20,1,5,29
14588,8.5,2010,7,2,1,7,6
14592,8.5,2010,5,24,1,6,14
14606,9,2010,6,23,0,1,1
14607,9,2010,6,23,0,2,1
14613,8.5,2010,6,23,1,7,10
14623,8.9,2010,6,11,1,7,0
14627,8.5,2010,6,11,1,7,4
14634,8,2010,7,1,1,28,17
14641,8.5,2010,5,20,1,38,10
14666,9.3,2010,5,26,0,2,6
14667,9.3,2010,5,26,0,6,6
14673,9,2010,6,9,0,28,7
14677,8.5,2010,6,8,1,6,7
14682,8.5,2010,7,9,1,2,7
14689,10,2010,5,20,2,28,0
14692,8.5,2010,5,20,1,7,9
14703,8.5,2010,6,8,1,2,7
14704,9.5,2010,6,8,0,27,6
14710,8.9,2010,7,8,1,2,4
14715,8.9,2010,7,7,1,6,4
14725,8.5,2010,7,22,1,6,13
14730,8,2010,7,21,1,38,4
14734,8,2010,7,20,1,38,43
14747,9,2010,7,19,0,2,0
14755,8,2010,9,7,1,2,6
14760,8.5,2010,8,16,1,2,2
14774,8.5,2010,7,14,1,2,3
14777,8.5,2010,7,14,1,1,6
14783,9,2010,7,15,0,9,10
14788,8,2010,8,10,1,3,7
14791,9,2010,9,7,0,2,9
14793,8,2010,9,7,1,2,9
14794,8.5,2010,9,6,1,7,57
14795,8.5,2010,9,3,1,1,4
14801,9,2010,8,12,0,3,1
14811,8.9,2010,7,27,1,7,9
14815,8.5,2010,7,13,1,6,3
14816,8.5,2010,7,13,1,7,0
14820,8.5,2010,7,9,1,38,6
14822,9,2010,9,1,0,7,6
14844,8.5,2010,9,2,1,27,3
14846,8.5,2010,9,2,1,6,6
14850,8,2010,8,10,1,6,33
14857,9,2010,7,26,0,7,7
14862,9,2010,7,9,0,3,10
14865,8.5,2010,7,9,1,6,7
14872,9,2010,8,30,0,27,3
14878,8,2010,8,20,1,7,6
14883,9,2010,8,5,0,7,10
14894,9,2010,7,23,0,2,6
14897,8.5,2010,7,22,1,2,13
14902,8.5,2010,8,27,1,28,2
14918,8.5,2010,8,27,1,7,1
14922,8,2010,8,25,1,2,33
14925,8.5,2010,10,20,1,1,2
14931,8.5,2010,10,19,1,2,5
14935,9,2010,10,19,0,1,1
14937,8.5,2010,10,19,1,6,1
14939,8.5,2010,9,22,1,2,3
14942,8.5,2010,9,21,1,6,3
14948,8.5,2010,9,28,1,2,3
14949,8.5,2010,10,19,1,2,1
14951,8.5,2010,10,18,1,6,14
14952,8.5,2010,10,18,1,2,14
14953,9,2010,10,18,0,7,24
14955,9,2010,10,18,0,2,0
14958,9,2010,10,1,0,2,7
14961,9,2010,10,1,0,6,7
14975,9,2010,9,20,0,1,9
14978,8,2010,10,8,1,2,0
14984,8.5,2010,9,27,1,2,7
14986,8.5,2010,9,27,1,6,7
14990,8.9,2010,9,13,1,6,14
14992,8.9,2010,9,13,1,2,14
14994,9.5,2010,9,11,0,2,14
14995,9.5,2010,9,11,0,2,14
14997,8.8,2010,10,15,1,2,3
14999,9.5,2010,10,1,0,6,7
15001,9,2010,10,1,0,38,0
15015,8,2010,9,17,1,7,0
15017,8.5,2010,9,17,1,1,29
15023,8,2010,10,8,1,28,0
15024,9,2010,10,8,0,5,17
15025,9,2010,10,8,0,7,10
15026,8.5,2010,10,8,1,7,14
15030,8.5,2010,9,24,1,1,9
15035,8,2010,9,23,1,2,2
15037,8,2010,9,23,1,6,2
15039,9.5,2010,9,11,0,2,14
15040,8.5,2010,9,10,1,5,4
15049,8.5,2010,9,30,1,7,6
15053,8,2010,9,30,1,2,2
15065,9,2010,9,13,0,3,6
15070,8.5,2010,10,5,1,6,9
15072,8.5,2010,10,5,1,28,21
15075,9.5,2010,9,8,0,2,1
15077,9.5,2010,9,8,0,1,1
15081,8,2010,9,7,1,6,6
15085,8.5,2010,10,26,1,6,2
15086,8.5,2010,10,26,1,28,5
15090,8,2010,9,30,1,6,2
15091,8.5,2010,9,30,1,1,9
15093,8,2010,9,30,1,1,2
15096,8,2010,10,8,1,6,0
15103,9.5,2010,10,1,0,2,7
15108,8.5,2010,10,25,1,2,1
15109,8.5,2010,10,25,1,2,5
15110,9.5,2010,10,25,0,27,2
15112,8.5,2010,10,25,1,6,5
15121,8,2010,10,21,1,6,26
15122,8,2010,10,21,1,2,26
15133,9,2010,12,1,0,1,0
15135,10,2010,11,30,2,6,6
15141,9,2010,11,8,0,6,11
15144,8.5,2010,11,24,1,6,11
15150,9,2010,11,30,0,1,11
15151,8.5,2010,11,30,1,1,3
15154,8.5,2010,11,29,1,7,14
15161,9,2010,11,8,0,2,11
15179,8.5,2010,11,11,1,5,5
15182,8.5,2010,11,10,1,1,14
15196,8,2010,11,4,1,1,11
15201,8.5,2010,11,4,1,5,1
15204,9,2010,11,2,0,28,14
15210,8,2010,11,22,1,1,43
15215,8.5,2010,11,9,1,2,14
15218,8.5,2010,11,9,1,3,6
15219,8.5,2010,11,9,1,6,14
15227,8.5,2010,11,3,1,1,9
15237,10,2010,11,16,2,2,6
15247,8.5,2010,12,9,1,28,10
15253,9,2010,10,29,0,7,6
15255,9,2010,11,19,0,28,0
15260,8.5,2010,11,8,1,28,2
15264,8.5,2010,11,8,1,5,2
15272,8.5,2010,11,2,1,40,10
15276,8.5,2010,11,16,1,6,0
15286,9,2010,12,8,0,7,33
15292,8.5,2010,10,28,1,28,5
15296,8.5,2010,11,2,1,6,5
15306,9,2010,11,12,0,5,10
15307,8,2010,12,7,1,1,10
15318,8.5,2010,10,27,1,3,10
15320,10,2010,10,27,2,2,2
15321,10,2010,10,27,2,6,2
15324,8.5,2010,10,27,1,1,3
15332,8.5,2011,1,25,1,7,4
15334,8.5,2011,1,24,1,7,2
15335,8.5,2011,1,24,1,3,2
15338,9,2011,1,21,0,2,6
15339,9,2011,1,21,0,1,2
15340,9,2011,1,21,0,6,2
15347,9.5,2011,1,17,0,6,1
15350,8.5,2011,3,8,1,6,1
15351,8,2011,3,8,1,6,7
15352,8.5,2011,3,7,1,7,7
15354,9,2011,3,5,0,5,1
15355,9,2011,3,5,0,5,1
15362,8.5,2011,3,2,1,2,2
15364,9.5,2010,12,16,0,3,10
15365,9.5,2010,12,16,0,2,14
15366,9,2010,12,16,0,5,4
15370,8,2011,3,1,1,6,14
15373,8.5,2011,2,28,1,1,4
15379,8.5,2010,12,15,1,7,14
15389,8,2011,2,25,1,2,7
15391,9,2010,12,29,0,3,10
15403,8.5,2010,12,28,1,2,2
15404,8.5,2010,12,23,1,1,4
15408,9,2010,12,22,0,1,1
15415,9,2010,12,21,0,27,14
15418,9,2010,12,20,0,7,11
15419,8.5,2011,2,17,1,5,1
15422,8.5,2011,2,16,1,2,14
15424,8,2011,2,16,1,6,4
15425,8.5,2011,2,8,1,6,25
15426,8.5,2011,2,8,1,6,10
15430,8.5,2011,2,25,1,1,9
15431,8.5,2011,2,25,1,28,3
15432,8,2011,2,25,1,6,7
15441,9,2011,1,14,0,7,4
15446,8.5,2011,2,15,1,7,21
15450,8.5,2011,2,14,1,2,13
15451,8.5,2011,2,14,1,6,13
15452,8.5,2011,2,7,1,27,9
15460,8.5,2011,2,3,1,6,14
15466,8,2011,2,24,1,7,0
15468,8,2011,2,23,1,6,6
15475,8.5,2011,1,11,1,5,4
15482,8.5,2011,2,10,1,7,10
15483,8.5,2011,2,9,1,2,10
15485,8.5,2011,2,8,1,2,25
15496,8,2011,2,22,1,2,6
15498,8,2011,2,22,1,1,6
15500,8,2011,2,18,1,2,0
15507,8.5,2011,1,5,1,6,10
15512,9,2011,2,8,0,6,9
15517,8,2011,2,18,1,28,0
15518,8,2011,2,18,1,6,0
15522,8.5,2011,1,4,1,6,5
15523,9,2011,1,4,0,6,0
15535,8.5,2011,3,14,1,5,4
15537,8.5,2011,3,22,1,8,13
15539,9,2011,3,22,0,1,14
15541,8.5,2011,3,29,1,1,11
15548,8.5,2011,3,24,1,2,6
15551,9,2011,3,14,0,27,3
15553,9,2011,3,14,0,3,11
15555,9,2011,3,11,0,1,10
15559,9,2011,3,22,0,6,14
15568,8.5,2011,3,29,1,6,11
15571,8.5,2011,3,29,1,2,11
15576,8.5,2011,3,24,1,1,24
15577,8.5,2011,3,24,1,6,6
15586,9,2011,3,8,0,7,0
15587,8.5,2011,3,8,1,1,1
15588,8.5,2011,3,8,1,2,1
15591,8.5,2011,3,18,1,1,1
15592,8.5,2011,3,17,1,7,6
15595,8.5,2011,3,17,1,2,7
15596,8.5,2011,3,16,1,6,14
15604,9.5,2011,3,23,0,3,4
15612,9,2011,3,22,0,2,14
15613,9,2011,3,16,0,1,9
15618,8.5,2011,3,25,1,27,4
15621,8.5,2011,3,22,1,7,17
15627,8.5,2011,4,7,1,5,4
15633,9,2011,4,28,0,2,6
15638,9.5,2011,4,27,0,7,4
15643,9,2011,4,1,0,1,4
15659,9,2011,4,25,0,28,6
15661,8.5,2011,4,21,1,3,21
15663,8.5,2011,3,31,1,6,7
15667,8.5,2011,3,31,1,6,22
15672,8.5,2011,5,5,1,2,14
15675,8.5,2011,5,4,1,7,10
15679,8.5,2011,4,21,1,7,25
15685,9,2011,4,20,0,27,9
15687,8,2011,3,30,1,6,4
15705,9.5,2011,4,19,0,7,10
15707,9.5,2011,4,18,0,1,14
15708,9.5,2011,4,18,0,2,14
15709,9.5,2011,4,18,0,6,14
15710,9,2011,4,15,0,27,1
15715,9,2011,4,13,0,2,29
15716,9,2011,4,13,0,6,29
15726,8.5,2011,5,19,1,1,0
15734,8.5,2011,5,16,1,6,4
15735,8.5,2011,5,16,1,7,6
15737,8.5,2011,5,16,1,2,4
15741,9,2011,5,27,0,6,6
15746,8.5,2011,5,11,1,2,14
15750,8,2011,5,11,1,8,4
15754,9,2011,5,25,0,1,3
15757,10,2011,5,25,2,28,3
15760,8.5,2011,5,10,1,38,17
15763,8.5,2011,6,14,1,2,6
15765,9,2011,6,14,0,6,6
15768,9,2011,5,24,0,1,1
15769,8.5,2011,5,24,1,1,11
15783,9,2011,5,20,0,7,0
15792,8,2011,6,23,1,3,10
15796,9,2011,7,11,0,2,6
15797,8.5,2011,7,11,1,2,7
15799,8.5,2011,7,11,1,6,7
15816,8.5,2011,6,17,1,9,24
15818,9.5,2011,6,17,0,8,2
15821,9,2011,6,16,0,7,10
15824,8,2011,6,22,1,2,15
15825,9,2011,6,22,0,2,6
15827,8,2011,6,22,1,28,15
15830,8,2011,6,22,1,6,15
15833,8.5,2011,7,7,1,1,13
15843,8.5,2011,6,29,1,28,6
15844,8.5,2011,6,29,1,1,14
15857,8.5,2011,6,15,1,1,9
15859,9.5,2011,6,14,0,8,2
15878,8.5,2011,6,28,1,6,14
15880,8,2011,6,27,1,7,0
15893,9.5,2011,7,1,0,28,1
15896,8.5,2011,6,26,1,1,27
15898,8,2011,6,23,1,7,10
15912,9,2011,7,15,0,2,4
15915,8.5,2011,7,14,1,7,9
15932,9,2011,8,2,0,1,0
15937,9,2011,7,29,0,7,2
15939,9.5,2011,7,29,0,7,22
15941,9,2011,7,27,0,7,14
15944,9,2011,7,28,0,38,6
15946,8.5,2011,7,28,1,1,1
15948,9,2011,7,28,0,8,7
15954,8.5,2011,7,26,1,2,24
15955,9,2011,7,26,0,6,4
15956,8,2011,7,26,1,7,11
15962,9,2011,8,12,0,7,9
15974,9,2011,7,20,0,6,0
15979,9,2011,8,23,0,1,14
15985,9.5,2011,8,11,0,7,17
15990,9,2011,7,19,0,2,3
15992,9,2011,8,22,0,6,14
15993,9,2011,8,22,0,2,14
15996,9,2011,8,22,0,1,3
15998,9,2011,8,22,0,6,13
16010,9,2011,9,15,0,2,14
16012,8,2011,9,14,1,2,6
16024,9,2011,8,4,0,7,10
16028,9,2011,9,13,0,2,14
16029,8.5,2011,9,13,1,1,9
16032,8.5,2011,9,12,1,7,24
16039,8.5,2011,8,13,1,6,24
16042,8.5,2011,9,8,1,7,14
16049,8.5,2011,9,8,1,6,58
16052,8,2011,9,7,1,1,6
16055,8.5,2011,9,6,1,6,20
16057,9,2011,9,5,0,6,14
16058,8,2011,9,4,1,2,6
16059,8,2011,9,4,1,6,6
16060,9,2011,9,2,0,6,2
16069,9,2011,9,2,0,8,38
16079,9,2011,8,29,0,6,45
16088,9,2011,9,1,0,7,0
16107,9,2011,9,21,0,7,4
16108,9,2011,9,20,0,7,10
16110,8.5,2011,9,20,1,2,14
16111,8.5,2011,9,20,1,6,14
16112,8.5,2011,9,20,1,6,2
16116,9,2011,9,16,0,28,15
16119,8.5,2011,9,16,1,5,1
16122,8.5,2011,9,16,1,5,9
16125,9,2011,10,5,0,1,9
16126,8.5,2011,10,4,1,1,14
16127,9,2011,10,4,0,2,2
16130,8.5,2011,10,3,1,6,14
16134,9,2011,10,3,0,2,21
16135,8.5,2011,10,3,1,2,14
16141,9,2011,10,3,0,6,21
16143,9,2011,9,30,0,6,3
16147,9,2011,9,30,0,2,3
16151,8.5,2011,9,27,1,1,0
16154,9,2011,9,26,0,7,17
16156,8.5,2011,9,26,1,1,11
16158,9.5,2011,9,30,0,2,7
16159,9.5,2011,9,30,0,6,7
16160,9,2011,9,29,0,8,0
16162,9,2011,9,29,0,28,0
16164,9.5,2011,9,23,0,2,7
16167,9.5,2011,9,23,0,6,7
16168,8.5,2011,9,23,1,6,6
16180,9,2011,10,17,0,5,4
16183,9.5,2011,10,14,0,2,6
16184,9.5,2011,10,14,0,6,6
16185,9,2011,10,14,0,2,5
16193,8.5,2011,10,7,1,1,4
16200,9,2011,10,13,0,7,17
16203,9,2011,10,6,0,38,4
16208,9.5,2011,10,6,0,2,11
16210,9,2011,10,24,0,1,14
16224,9,2011,10,5,0,2,35
16239,8.5,2011,10,11,1,2,5
16245,8.5,2011,10,17,1,6,1
16246,9,2011,10,17,0,1,16
16247,8.5,2011,10,17,1,1,1
16248,8.5,2011,10,17,1,2,1
16258,9,2011,10,25,0,2,14
16260,8,2011,10,25,1,1,9
16267,8.5,2011,11,1,1,7,14
16269,9.5,2011,11,9,0,28,0
16270,9.5,2011,11,9,0,6,0
16273,9,2011,10,25,0,6,14
16275,8.5,2011,10,25,1,7,6
16279,10,2011,10,24,2,6,2
16280,8.5,2011,11,1,1,6,6
16284,8.5,2011,11,1,1,2,6
16289,9,2011,11,9,0,1,14
16290,9.5,2011,11,9,0,2,0
16292,9,2011,11,8,0,6,45
16293,8.5,2011,11,8,1,1,6
16294,9,2011,11,8,0,2,14
16300,8.5,2011,10,28,1,6,0
16303,8.5,2011,10,28,1,2,0
16308,9,2011,11,8,0,6,14
16313,8.5,2011,11,5,1,1,0
16326,8.5,2011,11,14,1,2,2
16327,8.5,2011,11,14,1,6,2
16328,9.5,2011,11,14,0,6,1
16342,10,2011,11,30,2,7,33
16345,8.5,2011,11,18,1,2,18
16347,8.5,2011,11,11,1,8,4
16348,8.5,2011,11,11,1,6,6
16349,8.5,2011,11,11,1,2,6
16350,10,2011,11,11,2,28,2
16352,9.5,2011,11,10,0,2,1
16355,9.5,2011,11,10,0,1,1
16357,9.5,2011,11,29,0,1,6
16358,9,2011,11,29,0,8,11
16362,9,2011,11,25,0,8,2
16374,9.5,2011,11,9,0,8,0
16380,9,2011,12,22,0,8,10
16384,9,2011,11,23,0,1,6
16393,9,2011,11,17,0,2,26
16395,8.5,2011,11,17,1,7,6
16398,9,2011,11,17,0,6,26
16411,9,2011,11,21,0,2,45
16412,8.5,2011,11,21,1,1,6
16416,9.5,2011,12,8,0,8,10
16423,8.5,2011,11,15,1,1,4
16427,9,2011,12,19,0,1,4
16430,8.5,2011,12,15,1,2,0
16432,9,2011,12,15,0,7,0
16439,8.5,2011,12,2,1,1,9
16445,9.5,2011,12,14,0,2,6
16450,9,2012,2,2,0,8,6
16454,9,2012,1,31,0,3,9
16474,8.5,2012,1,26,1,8,0
16491,9,2012,2,9,0,6,13
16492,9,2012,2,9,0,2,13
16496,8.5,2012,2,7,1,8,2
16498,8.5,2012,1,20,1,8,6
16502,9,2012,1,4,0,2,6
16505,9,2012,1,3,0,6,6
16508,9,2012,2,7,0,6,0
16511,9,2012,2,7,0,1,1
16516,9,2012,2,6,0,2,1
16522,9,2012,2,3,0,6,1
16526,8.5,2012,3,23,1,7,17
16530,9,2012,3,21,0,2,14
16550,8.5,2012,3,13,1,6,13
16551,8.5,2012,3,13,1,6,6
16552,8.5,2012,3,13,1,2,13
16554,9.5,2012,3,12,0,1,1
16558,9,2012,2,15,0,1,6
16562,8.5,2012,4,9,1,2,13
16564,8.5,2012,4,9,1,1,1
16571,9.5,2012,3,6,0,2,1
16573,9.5,2012,3,6,0,6,1
16581,9,2012,2,14,0,6,15
16583,8.5,2012,2,14,1,0,13
16585,8.5,2012,4,5,1,6,6
16587,8.5,2012,4,5,1,2,6
16588,9,2012,4,5,0,8,31
16589,9,2012,4,3,0,28,1
16590,8.5,2012,4,3,1,6,11
16593,9,2012,3,5,0,2,13
16596,9,2012,3,5,0,6,13
16597,9,2012,3,1,0,6,4
16601,8.5,2012,2,13,1,0,2
16602,9.5,2012,2,13,0,0,14
16604,9,2012,2,13,0,0,0
16606,9,2012,2,13,0,0,10
16610,9,2012,4,3,0,1,9
16615,8.5,2012,2,24,1,8,6
16616,9,2012,2,24,0,6,7
16617,9,2012,2,24,0,0,9
16619,8.5,2012,2,23,1,28,1
16621,9,2012,2,24,0,2,7
16624,9.5,2012,3,29,0,1,0
16629,8.5,2012,3,27,1,6,10
16631,9,2012,2,22,0,7,22
16641,8.5,2012,2,20,1,0,11
16643,8.5,2012,2,19,1,2,6
16645,9,2012,2,17,0,0,0
16659,8.5,2012,4,20,1,1,4
16660,9,2012,4,19,0,1,6
16661,9,2012,4,19,0,1,1
16664,8.5,2012,4,17,1,0,20
16665,9,2012,4,17,0,2,11
16666,8.5,2012,4,13,1,2,1
16668,8.5,2012,4,13,1,1,14
16671,9,2012,4,12,0,8,17
16672,9.5,2012,4,11,0,2,0
16674,8.5,2012,4,9,1,6,13
16676,9,2012,5,29,0,6,6
16677,9,2012,5,29,0,2,6
16687,9,2012,5,22,0,27,14
16688,8.5,2012,5,22,1,2,14
16689,8.5,2012,5,22,1,6,14
16690,8.5,2012,5,22,1,2,14
16691,8.5,2012,5,22,1,6,14
16703,9,2012,5,14,0,2,14
16704,9,2012,5,14,0,1,14
16705,9,2012,5,14,0,2,14
16707,9.5,2012,5,14,0,4,3
16708,9.5,2012,5,14,0,1,3
16710,9,2012,5,14,0,6,14
16711,9,2012,5,14,0,6,14
16713,8.5,2012,5,9,1,2,6
16714,9,2012,5,7,0,6,14
16722,9,2012,4,26,0,1,4
16724,9,2012,4,24,0,1,4
16734,9,2012,6,19,0,1,9
16735,9,2012,6,19,0,4,9
16738,8.5,2012,6,18,1,2,2
16739,8.5,2012,6,18,1,6,2
16740,9,2012,6,15,0,5,20
16746,9,2012,6,12,0,0,45
16750,8.5,2012,6,27,1,1,4
16751,8.5,2012,6,27,1,6,4
16753,8.5,2012,6,27,1,4,4
16754,8.5,2012,6,27,1,2,4
16762,8.5,2012,6,25,1,2,27
16763,8.5,2012,6,25,1,1,27
16764,8.5,2012,6,25,1,2,27
16765,8.5,2012,6,25,1,3,27
16767,8.5,2012,6,25,1,6,27
16784,9,2012,7,27,0,1,9
16789,8.5,2012,7,13,1,6,15
16799,9.5,2012,7,23,0,7,9
16814,9,2012,7,2,0,2,0
16817,8.5,2012,7,17,1,8,2
16823,8.5,2013,2,4,1,7,29
16825,8.6,2013,1,31,1,4,10
16826,8.6,2013,1,31,1,1,10
16830,8.5,2012,6,29,1,28,4
16833,9,2013,1,30,0,7,24
16834,9.6,2013,1,30,0,8,20
16844,8.5,2012,6,28,1,8,22
16846,8.5,2012,6,27,1,3,4
16850,9.1,2013,2,25,0,2,6
16851,9,2013,2,25,0,6,0
16852,9,2013,2,25,0,7,0
16853,9.1,2013,2,25,0,6,6
16863,8.5,2013,3,28,1,8,0
16864,9,2013,3,26,0,11,15
16868,9.3,2013,3,21,0,8,0
16883,9.5,2013,3,21,0,1,14
16884,9.4,2013,3,21,0,2,14
16888,9.4,2013,3,21,0,6,14
16915,9.1,2013,2,27,0,7,11
16917,9,2013,2,25,0,1,0
16928,9,2013,2,25,0,11,0
16929,9.1,2013,2,25,0,1,6
16930,9,2013,2,25,0,2,0
16933,9,2013,4,8,0,6,59
16934,9,2013,4,8,0,0,59
16936,9,2013,4,4,0,6,3
16938,9,2013,4,4,0,2,3
16945,8.5,2013,3,29,1,4,29
16949,8.5,2013,3,29,1,1,29
16950,9.3,2013,6,1,0,0,0
16951,9.3,2013,6,1,0,6,0
16952,9.3,2013,6,1,0,1,0
16956,9.5,2013,5,1,0,1,0
16957,9.5,2013,5,1,0,6,0
16997,9,2013,4,24,0,2,6
16998,9,2013,4,24,0,1,6
17001,8.9,2013,5,17,1,8,0
17030,9,2013,4,21,0,1,1
17048,9.5,2013,5,1,0,0,0
17049,9.5,2013,5,1,0,10,0
17054,9,2013,7,12,0,7,0
17073,9.1,2013,7,10,0,4,4
17074,9.1,2013,7,10,0,1,4
17075,9.1,2013,7,10,0,41,4
17076,9.4,2013,7,8,0,4,9
17077,9.4,2013,7,8,0,1,9
17080,9.2,2013,6,25,0,2,12
17096,9,2013,7,26,0,0,1
17100,9,2013,6,21,0,1,17
17121,9,2013,7,26,0,1,1
17122,9,2013,7,26,0,6,1
17123,9,2013,7,26,0,10,1
17128,10,2013,6,5,2,6,6
17131,9.6,2013,6,4,0,8,24
17136,9.5,2013,8,15,0,4,24
17137,9.5,2013,8,15,0,42,24
17138,9.5,2013,8,15,0,1,24
17139,9.5,2013,8,15,0,41,24
17140,9.5,2013,8,15,0,10,24
17143,9.2,2013,8,14,0,1,6
17144,9.2,2013,8,14,0,6,6
17149,9.4,2013,7,24,0,1,1
17155,8.8,2013,7,22,1,11,9
17160,9.3,2013,6,1,0,10,0
17161,9.8,2013,9,17,0,11,2
17162,9.8,2013,9,17,0,11,2
17163,10,2013,9,16,2,6,2
17164,10,2013,9,16,2,2,2
17171,9.2,2013,8,14,0,11,6
17172,9.2,2013,8,14,0,2,6
17194,9.5,2013,8,26,0,2,0
17195,9.5,2013,8,26,0,10,0
17196,9.5,2013,8,26,0,6,0
17197,9.5,2013,8,26,0,42,0
17198,9.5,2013,8,26,0,11,0
17200,9,2013,9,10,0,6,3
17201,9,2013,9,10,0,2,3
17202,8.8,2013,9,6,1,1,9
17206,9.5,2013,8,26,0,1,0
17231,9,2013,8,6,0,1,0
17244,9,2013,7,30,0,6,4
17245,9,2013,7,30,0,1,4
17246,9,2013,7,30,0,4,4
17247,9,2013,7,30,0,41,4
17248,9,2013,7,30,0,2,4
17251,9,2013,10,10,0,2,4
17252,9,2013,10,10,0,3,4
17253,9,2013,10,10,0,1,4
17254,9,2013,10,10,0,6,4
17266,9.1,2013,9,30,0,6,6
17268,9,2013,10,4,0,8,1
17269,9,2013,10,4,0,8,1
17279,9.3,2013,9,26,0,2,7
17280,9.3,2013,9,26,0,6,7
17281,9.1,2013,9,25,0,1,17
17282,9.1,2013,9,25,0,8,17
17283,9.1,2013,9,25,0,11,17
17285,9,2013,9,23,0,6,7
17288,9,2013,9,23,0,1,7
17294,9,2013,10,22,0,1,6
17295,9,2013,10,22,0,42,6
17296,9,2013,10,22,0,6,6
17297,9,2013,10,22,0,2,6
17298,9,2013,10,22,0,10,6
17299,9,2013,10,22,0,11,6
17300,9,2013,11,11,0,1,9
17301,9,2013,11,11,0,6,9
17307,9.1,2013,9,18,0,7,33
17308,9.5,2013,9,18,0,10,0
17309,9.5,2013,9,18,0,0,0
17310,9.5,2013,9,18,0,8,0
17311,9.5,2013,9,18,0,1,0
17312,9,2013,11,19,0,1,41
17336,9.4,2013,11,14,0,8,4
17339,9,2013,11,13,0,10,14
17342,9.5,2013,11,13,0,10,6
17349,9.1,2013,10,11,0,7,60
17387,8.5,2013,11,11,1,8,4
17388,9,2013,11,11,0,2,9
17393,8.8,2013,11,20,1,42,11
17394,9.3,2013,11,20,0,0,4
17396,9.6,2013,11,19,0,11,0
17399,9,2013,11,19,0,10,41
17420,9,2013,10,22,0,1,5
17421,9,2013,10,22,0,6,5
17422,9,2013,10,22,0,4,5
17423,9,2013,10,22,0,2,5
17438,9,2013,12,4,0,0,6
17445,9.1,2013,12,2,0,42,7
17446,9.1,2013,12,2,0,10,7
17447,9.1,2013,12,2,0,2,7
17449,9.5,2013,11,27,0,7,29
17451,9.1,2014,1,25,0,42,6
17452,9.1,2014,1,25,0,10,6
17454,9.5,2014,1,24,0,6,6
17455,9.5,2014,1,24,0,0,6
17468,9.5,2014,1,16,0,7,4
17469,9.5,2014,1,16,0,1,4
17471,9,2014,1,15,0,1,13
17492,9.2,2013,12,27,0,0,3
17500,9,2013,12,9,0,10,17
17501,9,2013,12,9,0,42,17
17556,9,2014,2,14,0,6,2
17559,9.2,2014,2,13,0,4,6
17560,9.2,2014,2,13,0,1,6
17575,8.9,2014,3,10,1,1,61
17576,9.3,2014,3,10,0,0,1
17577,9.3,2014,3,10,0,6,1
17578,9.3,2014,3,10,0,6,1
17580,9.5,2014,3,4,0,2,4
17581,9.5,2014,3,4,0,7,4
17582,9.5,2014,3,4,0,1,4
17583,9.5,2014,3,4,0,0,4
17584,9.5,2014,3,4,0,6,4
17586,9,2014,3,4,0,6,1
17587,9,2014,3,4,0,1,1
17588,9,2014,3,4,0,2,1
17614,9,2014,3,13,0,4,27
17615,9,2014,3,13,0,3,27
17616,9,2014,3,13,0,1,27
17619,9,2014,3,11,0,6,3
17620,9,2014,3,11,0,2,3
17621,9,2014,3,11,0,1,3
17622,8.9,2014,3,10,1,42,61
17623,8.9,2014,3,10,1,2,61
17624,8.9,2014,3,10,1,42,61
17626,9.2,2014,4,8,0,6,4
17627,9.2,2014,4,8,0,1,4
17628,9.2,2014,4,8,0,2,4
17640,9.1,2014,3,29,0,1,3
17641,9.1,2014,3,29,0,4,3
17663,9.3,2014,4,29,0,6,1
17673,9.3,2014,4,29,0,11,1
17674,9.3,2014,4,29,0,10,1
17675,9.3,2014,4,29,0,42,1
17676,9.3,2014,4,29,0,1,1
17677,9.3,2014,4,29,0,2,1
17678,9.3,2014,4,29,0,0,1
17689,9,2014,6,26,0,0,57
17690,9,2014,6,26,0,10,57
17691,9,2014,6,26,0,8,57
17692,9,2014,6,26,0,11,57
17693,9,2014,6,26,0,1,57
17694,9,2014,6,26,0,6,57
17697,9.6,2014,4,25,0,3,24
17698,9.6,2014,4,25,0,1,24
17727,9,2014,7,15,0,1,1
17747,9,2014,6,3,0,2,13
17775,9,2014,5,20,0,10,3
17776,9,2014,5,20,0,1,3
17782,9,2014,5,15,0,11,15
17788,9,2014,5,13,0,1,4
17797,9.5,2014,8,26,0,0,4
17825,9.2,2014,8,14,0,42,3
17826,9.2,2014,8,14,0,10,3
17834,10,2014,7,28,2,10,6
17855,9.1,2014,9,30,0,2,13
17856,9.1,2014,9,30,0,6,13
17859,9.3,2014,9,26,0,1,2
17860,9.3,2014,9,26,0,42,2
17861,9.3,2014,9,26,0,10,2
17867,9,2014,9,25,0,42,11
17876,9.7,2014,9,6,0,10,6
17877,9.7,2014,9,6,0,42,6
17892,9,2014,9,2,0,0,14
17893,9,2014,9,2,0,10,14
17899,9.5,2014,8,26,0,7,4
17900,9.5,2014,8,26,0,6,4
17909,9.5,2014,8,26,0,2,4
17910,9.5,2014,8,26,0,1,4
17911,9.5,2014,10,13,0,11,6
17921,9,2014,11,6,0,42,14
17930,9.1,2014,11,3,0,42,14
17931,9.1,2014,11,3,0,2,14
17932,9.1,2014,11,3,0,6,14
17933,9.1,2014,11,3,0,1,14
17934,9.1,2014,11,3,0,10,14
17943,9,2014,11,14,0,1,7
17951,9,2014,11,14,0,6,7
17952,9,2014,11,14,0,2,7
17953,9,2014,11,14,0,42,7
17954,9,2014,11,14,0,10,7
17971,9,2014,11,13,0,1,1
17978,9,2014,11,26,0,1,1
17979,9,2014,11,26,0,10,1
17991,9.8,2014,11,19,0,11,13
17998,10,2014,11,17,2,10,2
17999,10,2014,11,17,2,42,2
18030,9.3,2014,12,9,0,7,10
18031,9.3,2014,12,9,0,42,10
18032,9.3,2014,12,9,0,9,10
18046,9,2014,12,4,0,7,4
18050,9,2015,2,12,0,10,14
18051,9,2015,2,12,0,42,14
18052,9,2015,2,12,0,1,14
18053,9,2015,2,10,0,8,6
18067,10,2015,4,14,2,1,2
18069,9.3,2015,1,27,0,10,4
18070,9.3,2015,1,27,0,1,4
18071,9.3,2015,1,27,0,0,4
18080,9,2015,3,3,0,0,7
18081,9,2015,3,3,0,10,7
18084,8.5,2015,5,12,1,1,9
18085,9.3,2015,5,12,0,42,1
18086,9.3,2015,5,12,0,10,1
18104,9,2015,6,10,0,42,14
18113,9,2015,2,24,0,1,9
18119,9.3,2015,5,12,0,1,1
18120,9.3,2015,5,12,0,10,1
18124,8.9,2015,5,6,1,10,11
18128,9,2015,3,27,0,1,1
18138,9,2015,3,14,0,0,14
18139,9,2015,3,14,0,6,14
18140,9,2015,3,14,0,10,14
18158,8.9,2015,5,6,1,42,11
18159,8.9,2015,5,6,1,1,11
18160,8.9,2015,5,6,1,43,11
18166,9,2015,4,27,0,1,4
18167,9.1,2015,3,24,0,10,6
18169,8.5,2015,3,12,1,42,4
18170,8.5,2015,3,12,1,10,4
18184,9,2015,4,27,0,7,4
18190,8.8,2015,4,21,1,1,62
18198,9,2015,5,15,0,1,24
18223,9,2015,8,4,0,42,45
18232,9,2015,6,23,0,1,4
18244,9.2,2015,6,19,0,10,6
18245,9.2,2015,6,19,0,42,6
18247,9,2015,7,23,0,10,4
18254,9.5,2015,11,9,0,1,1
18255,9.5,2015,11,9,0,10,1
18256,9.5,2015,11,9,0,42,1
18257,9.3,2015,11,9,0,42,2
18258,9.3,2015,11,9,0,1,2
18260,9.2,2015,11,6,0,42,14
18261,9.2,2015,11,6,0,10,14
18273,9,2015,10,27,0,42,1
18274,9,2015,10,27,0,10,1
18276,8.9,2015,12,22,1,10,11
18277,8.9,2015,12,22,1,1,11
18279,9,2015,12,16,0,1,6
18286,9,2015,12,15,0,7,10
18311,9,2015,9,30,0,10,6
18313,9,2015,9,29,0,10,7
18317,8.8,2015,9,28,1,1,14
18320,9,2015,10,26,0,42,14
18335,9,2015,10,20,0,1,4
18339,9,2015,9,16,0,42,14
18340,8.8,2015,10,20,1,1,6
18344,9,2015,10,15,0,1,0
18349,9.1,2016,1,27,0,10,1
18350,9.1,2016,1,27,0,1,1
18352,10,2016,1,25,2,10,10
18353,10,2016,1,25,2,1,10
18354,10,2016,1,25,2,42,10
18359,9,2015,9,16,0,10,14
18364,9.5,2015,9,14,0,10,7
18373,9,2015,8,25,0,8,6
18376,9,2015,10,9,0,1,1
18390,9.4,2016,2,17,0,8,20
18391,9.5,2016,2,17,0,8,20
18401,9,2015,9,8,0,42,11
18404,9,2015,8,25,0,42,6
18405,9,2015,8,25,0,1,6
18406,9,2015,8,25,0,10,6
18411,9,2016,1,19,0,1,10
18417,10,2016,1,13,2,1,1
18418,10,2016,1,13,2,4,1
18424,9.3,2016,2,8,0,10,4
18425,9.3,2016,2,8,0,1,4
18426,9.3,2016,2,8,0,42,4
18428,9.3,2016,2,1,0,1,9
18429,9,2015,9,2,0,11,0
18432,10,2015,8,24,2,42,6
18433,10,2015,8,24,2,10,6
18434,10,2015,8,24,2,1,6
18438,8.5,2015,8,19,1,42,9
18455,9.5,2016,9,20,0,42,11
18463,9.5,2016,9,13,0,10,7
18464,9.5,2016,9,13,0,42,7
18469,9.1,2016,9,9,0,1,1
18480,8.8,2016,3,25,1,1,42
18487,9,2016,4,11,0,10,0
18490,9.3,2016,4,7,0,1,63
18501,9,2016,5,25,0,1,1
18507,9.5,2016,4,4,0,10,3
18508,9.5,2016,4,4,0,1,3
18511,10,2016,6,28,2,10,4
18526,9,2016,5,11,0,10,2
18527,9,2016,5,10,0,10,3
18530,9.3,2016,4,1,0,10,7
18533,9,2016,3,31,0,1,63
18557,9,2016,6,6,0,1,9
18562,9.5,2016,6,1,0,10,1
18563,9.5,2016,6,1,0,0,1
18571,9.4,2016,5,28,0,42,14
18572,9.4,2016,5,28,0,1,14
18573,9.4,2016,5,28,0,10,14
18589,9.2,2016,8,19,0,1,3
18590,9.2,2016,8,19,0,10,3
18591,9.2,2016,8,19,0,42,3
18594,9,2016,7,18,0,10,24
18614,9.2,2016,6,29,0,8,4
18615,9.2,2016,6,29,0,0,4
18618,9.1,2016,7,28,0,1,6
18621,9,2016,6,29,0,10,2
18623,10,2016,6,28,2,42,4
18624,10,2016,6,28,2,1,4
